video_id,original_path,original_zip_folder,filename,extension,duration_s,fps,width,height,frame_count,file_size_mb,sha256,source_category,polarity,negative_kind,review_status,is_corrupt,is_duplicate,duplicate_of,notes
SC-BED-001_e001,"SC-BED-001-Rest, Bed suport\Edge\edge-1.mp4","SC-BED-001-Rest, Bed suport",edge-1.mp4,.mp4,13.76,25.0,768,432,344,1.0,f56b8b9fab5691ce7b9c96f9d582bf6b2a3f74146d738c848f8fbe6387f4b20f,SC-BED-001,EDGE,,pending,False,False,,
SC-BED-001_e002,"SC-BED-001-Rest, Bed suport\Edge\gettyimages-2.mp4","SC-BED-001-Rest, Bed suport",gettyimages-2.mp4,.mp4,15.64,50.0,768,432,782,1.3,2f3785663b74985ae0f45428ad8b20631e776a8e090f584463195304f9ae5210,SC-BED-001,EDGE,,pending,False,False,,
SC-BED-001_n001,"SC-BED-001-Rest, Bed suport\Negative\neg-1.mp4","SC-BED-001-Rest, Bed suport",neg-1.mp4,.mp4,13.56,25.0,768,432,339,0.45,86bec60c2b7de4621a7d7861b61a0c4f9528ca34a8afc9d1bc155422c3891c4f,SC-BED-001,NEGATIVE,,pending,False,False,,
SC-BED-001_n002,"SC-BED-001-Rest, Bed suport\Negative\neg-2.mp4","SC-BED-001-Rest, Bed suport",neg-2.mp4,.mp4,12.65,29.97,768,432,379,0.6,a0594e5023d770584df5c70556a4679b9ed369f5435ba1e801887b97d66896e5,SC-BED-001,NEGATIVE,,pending,False,False,,
SC-BED-001_p001,"SC-BED-001-Rest, Bed suport\positive\rest-1.mp4","SC-BED-001-Rest, Bed suport",rest-1.mp4,.mp4,20.83,30.0,720,1280,625,2.88,b94c6b461929320d151e34a783c12e58c69a238a40bb492b12a51e3225c7f320,SC-BED-001,POSITIVE,,pending,False,False,,
SC-BED-001_p002,"SC-BED-001-Rest, Bed suport\positive\rest-2.mp4","SC-BED-001-Rest, Bed suport",rest-2.mp4,.mp4,20.12,25.0,768,432,503,1.16,aced66a6d2716f0b9cf624f5cf568c5c15f96507aafa139267e69a96bb019d5d,SC-BED-001,POSITIVE,,pending,False,False,,
SC-BED-001_p003,"SC-BED-001-Rest, Bed suport\positive\rest-3.mp4","SC-BED-001-Rest, Bed suport",rest-3.mp4,.mp4,9.13,23.98,768,432,219,0.47,c94d736f41e028a0f3ca18be8a09191d931f8d6714f2d2ec17023603d5125626,SC-BED-001,POSITIVE,,pending,False,False,,
SC-BED-001_p004,"SC-BED-001-Rest, Bed suport\positive\rest-4.mp4","SC-BED-001-Rest, Bed suport",rest-4.mp4,.mp4,23.9,50.0,768,432,1195,1.57,1bf86dc9979831c71dc8e1b56f687475445af1742b5de76414fb99373b66ed94,SC-BED-001,POSITIVE,,pending,False,False,,
SC-BED-001_p005,"SC-BED-001-Rest, Bed suport\positive\rest-5.mp4","SC-BED-001-Rest, Bed suport",rest-5.mp4,.mp4,20.72,25.0,768,432,518,1.16,dc392c61d94ce88769731fa46267b86c22b0d59309e5b87b1c860f950334f9a9,SC-BED-001,POSITIVE,,pending,False,False,,
SC-BED-001_p006,"SC-BED-001-Rest, Bed suport\positive\rest-6.mp4","SC-BED-001-Rest, Bed suport",rest-6.mp4,.mp4,8.24,29.97,768,432,247,0.35,2dec29ee2aecbd28c5f847fe96a63001b15b5beda1af53e970bae3bc8b926faa,SC-BED-001,POSITIVE,,pending,False,False,,
SC-BED-001_p007,"SC-BED-001-Rest, Bed suport\positive\rest-7.mp4","SC-BED-001-Rest, Bed suport",rest-7.mp4,.mp4,10.94,29.97,432,768,328,0.32,08d61aa05b9b071f8937ce79088001af1319480a68fd10cb8d30e7a7178508c1,SC-BED-001,POSITIVE,,pending,False,False,,
SC-BED-002_e001,SC-BED-002-beside mobility\Edge\gettyimages-1403880056-640_adpp.mp4,SC-BED-002-beside mobility,gettyimages-1403880056-640_adpp.mp4,.mp4,26.56,29.97,768,432,796,1.44,b54c6258b6069e105af47eb53d76e59b8654619a5238388b66774debd9c98052,SC-BED-002,EDGE,,pending,False,False,,
SC-BED-002_e002,SC-BED-002-beside mobility\Edge\gettyimages-2156838149-640_adpp.mp4,SC-BED-002-beside mobility,gettyimages-2156838149-640_adpp.mp4,.mp4,19.89,29.97,768,432,596,2.34,dae6803280a0b886f28ddecaa350abeba0ab3aac4896a452786a160d460f11fc,SC-BED-002,EDGE,,pending,False,False,,
SC-BED-002_n001,SC-BED-002-beside mobility\Negative\gettyimages-1297776010-640_adpp.mp4,SC-BED-002-beside mobility,gettyimages-1297776010-640_adpp.mp4,.mp4,15.0,25.0,768,432,375,0.61,89b48a7e868ae0439d797844b868ec81bfb17c7365eedeadca7270bc4fb57890,SC-BED-002,NEGATIVE,,pending,False,False,,
SC-BED-002_n002,SC-BED-002-beside mobility\Negative\gettyimages-1751172917-640_adpp.mp4,SC-BED-002-beside mobility,gettyimages-1751172917-640_adpp.mp4,.mp4,8.1,50.0,768,432,405,0.48,6c6877df54621352bc24a4ba08f77d9451d2fe9e846c068047a89a79dbe47022,SC-BED-002,NEGATIVE,,pending,False,False,,
SC-BED-002_n003,SC-BED-002-beside mobility\Negative\gettyimages-1856943681-640_adpp.mp4,SC-BED-002-beside mobility,gettyimages-1856943681-640_adpp.mp4,.mp4,60.0,25.0,768,432,1500,3.67,95e22a341fd13df34c64a24cab390100ca3f7fd4b65a23d3dd37e713f042bf83,SC-BED-002,NEGATIVE,,pending,False,False,,
SC-BED-002_p001,SC-BED-002-beside mobility\positive\pos-1.mp4,SC-BED-002-beside mobility,pos-1.mp4,.mp4,32.12,25.0,768,432,803,1.85,936a3a581fa8816453bbd6f49a00e1c94e8f87f79111fe8235d8b45e4e46d010,SC-BED-002,POSITIVE,,pending,False,False,,
SC-BED-002_p002,SC-BED-002-beside mobility\positive\pos-2.mp4,SC-BED-002-beside mobility,pos-2.mp4,.mp4,17.44,25.0,768,432,436,1.26,8c3d2fdd64a696cfc8a44d16bd0d62fd1819288a45da9482ed3bbd7bfc133389,SC-BED-002,POSITIVE,,pending,False,False,,
SC-BED-002_p003,SC-BED-002-beside mobility\positive\pos-3.mp4,SC-BED-002-beside mobility,pos-3.mp4,.mp4,18.65,29.97,768,432,559,0.92,5ce1731d5102263edba10c9c2a54b0a499c0363b13be916870e5f058e938e1f3,SC-BED-002,POSITIVE,,pending,False,False,,
SC-BED-002_p004,SC-BED-002-beside mobility\positive\pos-4.mp4,SC-BED-002-beside mobility,pos-4.mp4,.mp4,13.18,29.97,768,432,395,0.78,d498c2e1b3d5f066d66563e3273973dd3910acf02cdbce6885e6b416f02bde98,SC-BED-002,POSITIVE,,pending,False,False,,
SC-BED-002_p005,SC-BED-002-beside mobility\positive\pos-5.mp4,SC-BED-002-beside mobility,pos-5.mp4,.mp4,13.18,29.97,768,432,395,0.78,d498c2e1b3d5f066d66563e3273973dd3910acf02cdbce6885e6b416f02bde98,SC-BED-002,POSITIVE,,pending,False,True,SC-BED-002_p004,
SC-BED-002_p006,SC-BED-002-beside mobility\positive\pos-6.mp4,SC-BED-002-beside mobility,pos-6.mp4,.mp4,9.64,25.0,768,432,241,0.92,dbe7e0403a11269fdc2aa3eb40b064d7dd5423c7f9394159cd1e51ee3d59ef89,SC-BED-002,POSITIVE,,pending,False,False,,
SC-BED-002_p007,SC-BED-002-beside mobility\positive\pos-7.mp4,SC-BED-002-beside mobility,pos-7.mp4,.mp4,22.6,25.0,768,432,565,1.48,3e646406b92c47bf672d9a0bdc9e68e1e40bd5deabd7c2c5a860280e92d71d1a,SC-BED-002,POSITIVE,,pending,False,False,,
SC-BTH-001_e001,SC-BTH-001-bathroom context\Edge\istockphoto-1084644014-640_adpp_is.mp4,SC-BTH-001-bathroom context,istockphoto-1084644014-640_adpp_is.mp4,.mp4,40.82,25.0,768,432,1020,2.13,a7bcdadf3d8d9f6329c8728e6bb2458bb326296bc0948b3408bd8608473a0917,SC-BTH-001,EDGE,,pending,False,False,,
SC-BTH-001_e002,SC-BTH-001-bathroom context\Edge\istockphoto-1152338686-640_adpp_is.mp4,SC-BTH-001-bathroom context,istockphoto-1152338686-640_adpp_is.mp4,.mp4,9.38,29.97,768,432,281,0.36,39ac3c1062716b4731c6083e8d13fe18e71e287cbdabcfe714ce0a9e78c3fb01,SC-BTH-001,EDGE,,pending,False,False,,
SC-BTH-001_e003,SC-BTH-001-bathroom context\Edge\istockphoto-1210631321-640_adpp_is.mp4,SC-BTH-001-bathroom context,istockphoto-1210631321-640_adpp_is.mp4,.mp4,11.76,25.0,768,432,294,0.58,f53338238a04576b1d42c672fd5fdd8a9f3522168062b4758e9dad294e7dca28,SC-BTH-001,EDGE,,pending,False,False,,
SC-BTH-001_e004,SC-BTH-001-bathroom context\Edge\istockphoto-1343535243-640_adpp_is.mp4,SC-BTH-001-bathroom context,istockphoto-1343535243-640_adpp_is.mp4,.mp4,13.98,29.97,768,432,419,0.68,d74728cef7d189fb3f367303c3a49eb24f233711ff0d6c95de1e3f925c6d5190,SC-BTH-001,EDGE,,pending,False,False,,
SC-BTH-001_e005,SC-BTH-001-bathroom context\Edge\istockphoto-2228273727-640_adpp_is.mp4,SC-BTH-001-bathroom context,istockphoto-2228273727-640_adpp_is.mp4,.mp4,25.92,50.0,768,432,1296,1.03,b5464267e4475599c31f8ebec69cafa775391b7ca9a4cdebfab514687c837401,SC-BTH-001,EDGE,,pending,False,False,,
SC-BTH-001_n001,SC-BTH-001-bathroom context\Negative\istockphoto-1290573753-640_adpp_is.mp4,SC-BTH-001-bathroom context,istockphoto-1290573753-640_adpp_is.mp4,.mp4,27.26,29.97,768,432,817,2.88,31ba784a6c13542ba76f6f7e097eded3050938bfd538e085c95b2d54fc290a28,SC-BTH-001,NEGATIVE,,pending,False,False,,
SC-BTH-001_n002,SC-BTH-001-bathroom context\Negative\istockphoto-2253970782-640_adpp_is.mp4,SC-BTH-001-bathroom context,istockphoto-2253970782-640_adpp_is.mp4,.mp4,26.66,29.97,768,432,799,0.83,13e3045bf3aa8ddf9de8fb224d520e05090fa8dc59b4bcf76cbc9f1cac00d641,SC-BTH-001,NEGATIVE,,pending,False,False,,
SC-BTH-001_p001,SC-BTH-001-bathroom context\Positive\istockphoto-1001404434-640_adpp_is.mp4,SC-BTH-001-bathroom context,istockphoto-1001404434-640_adpp_is.mp4,.mp4,46.17,23.98,768,432,1107,0.64,c1a2c2aede398aa661148d313f3d5051e4135c7f1607400ae404e61e2190af28,SC-BTH-001,POSITIVE,,pending,False,False,,
SC-BTH-001_p002,SC-BTH-001-bathroom context\Positive\istockphoto-1289370988-640_adpp_is.mp4,SC-BTH-001-bathroom context,istockphoto-1289370988-640_adpp_is.mp4,.mp4,40.47,29.97,768,432,1213,1.74,c0c51e0fe3c6caedd2469b50df3c58dc938f06b8ca98fea2a1f33b658136db7f,SC-BTH-001,POSITIVE,,pending,False,False,,
SC-BTH-001_p003,SC-BTH-001-bathroom context\Positive\istockphoto-1316685216-640_adpp_is.mp4,SC-BTH-001-bathroom context,istockphoto-1316685216-640_adpp_is.mp4,.mp4,16.0,29.97,768,432,479,0.93,d23d7832a8975616ef8a6f882280f0b97f84b1f76fe32299e540ce52600f02df,SC-BTH-001,POSITIVE,,pending,False,False,,
SC-BTH-001_p004,SC-BTH-001-bathroom context\Positive\istockphoto-1320231387-640_adpp_is.mp4,SC-BTH-001-bathroom context,istockphoto-1320231387-640_adpp_is.mp4,.mp4,20.76,29.97,768,432,622,2.26,4495d5f127a6e06c112b0a2230197545376d1a9322ea9fed30a763c07b9af413,SC-BTH-001,POSITIVE,,pending,False,False,,
SC-BTH-001_p005,SC-BTH-001-bathroom context\Positive\istockphoto-1324067721-640_adpp_is.mp4,SC-BTH-001-bathroom context,istockphoto-1324067721-640_adpp_is.mp4,.mp4,11.24,29.97,768,432,337,0.73,1769c24c450e7c7eac8e14b38b95c7de6a746a8f8bb6c710749499850a1189d7,SC-BTH-001,POSITIVE,,pending,False,False,,
SC-BTH-001_p006,SC-BTH-001-bathroom context\Positive\istockphoto-1341810542-640_adpp_is.mp4,SC-BTH-001-bathroom context,istockphoto-1341810542-640_adpp_is.mp4,.mp4,23.32,50.0,768,432,1166,6.65,b22605ed56c5501fa3d6b97bec12f7518d12e2b75d3dfcd4537e94efadd5b3a9,SC-BTH-001,POSITIVE,,pending,False,False,,
SC-BTH-001_p007,SC-BTH-001-bathroom context\Positive\istockphoto-1372599465-640_adpp_is.mp4,SC-BTH-001-bathroom context,istockphoto-1372599465-640_adpp_is.mp4,.mp4,13.68,23.98,768,432,328,1.21,dc0778f5f210beb2af1bf429b29e31099d65879ed1997c8a82381ae40124a068,SC-BTH-001,POSITIVE,,pending,False,False,,
SC-BTH-001_p008,SC-BTH-001-bathroom context\Positive\istockphoto-1411686673-640_adpp_is.mp4,SC-BTH-001-bathroom context,istockphoto-1411686673-640_adpp_is.mp4,.mp4,10.18,23.98,768,432,244,0.49,f0be1df4da3119eb71643717c1bf1e17b4a640bd1a9b65ba1d03b3d6882ea4b8,SC-BTH-001,POSITIVE,,pending,False,False,,
SC-BTH-001_p009,SC-BTH-001-bathroom context\Positive\istockphoto-1414316263-640_adpp_is.mp4,SC-BTH-001-bathroom context,istockphoto-1414316263-640_adpp_is.mp4,.mp4,12.93,23.98,768,432,310,0.89,43b783089d670c2b80e7aaf6b64e06e9ec25956003ca10853fe2d467e40015f8,SC-BTH-001,POSITIVE,,pending,False,False,,
SC-BTH-001_p010,SC-BTH-001-bathroom context\Positive\istockphoto-1414840018-640_adpp_is.mp4,SC-BTH-001-bathroom context,istockphoto-1414840018-640_adpp_is.mp4,.mp4,8.84,23.98,768,432,212,0.29,79886270989f1f8fe300903623a06b7cc9dde64c8b6df011cbe38e1e74d449dd,SC-BTH-001,POSITIVE,,pending,False,False,,
SC-BTH-001_p011,SC-BTH-001-bathroom context\Positive\istockphoto-1417458653-640_adpp_is.mp4,SC-BTH-001-bathroom context,istockphoto-1417458653-640_adpp_is.mp4,.mp4,20.2,25.0,768,432,505,0.8,4e5bef52fc31d1a9bd9002b248c17bddea5dc358b1aec93bffd72aa2d81fc69f,SC-BTH-001,POSITIVE,,pending,False,False,,
SC-BTH-001_p012,SC-BTH-001-bathroom context\Positive\istockphoto-1447724741-640_adpp_is.mp4,SC-BTH-001-bathroom context,istockphoto-1447724741-640_adpp_is.mp4,.mp4,12.6,25.0,768,432,315,0.9,a84db6c5f8c2429e0fffccb48ede0278e8c901bc70029430a52d1b7caa159918,SC-BTH-001,POSITIVE,,pending,False,False,,
SC-BTH-001_p013,SC-BTH-001-bathroom context\Positive\istockphoto-1473227785-640_adpp_is.mp4,SC-BTH-001-bathroom context,istockphoto-1473227785-640_adpp_is.mp4,.mp4,14.22,23.98,768,432,341,1.08,9d6233b8194b570189b0caa6aae57bd75f234782d81bde954dd2ee6aeb38474f,SC-BTH-001,POSITIVE,,pending,False,False,,
SC-BTH-001_p014,SC-BTH-001-bathroom context\Positive\istockphoto-1473255550-640_adpp_is.mp4,SC-BTH-001-bathroom context,istockphoto-1473255550-640_adpp_is.mp4,.mp4,16.77,23.98,768,432,402,1.27,c86709032ce4193c5f90be53f6f31b9645c4e05050da2951d824dd75b49419e5,SC-BTH-001,POSITIVE,,pending,False,False,,
SC-BTH-001_p015,SC-BTH-001-bathroom context\Positive\istockphoto-1534487017-640_adpp_is.mp4,SC-BTH-001-bathroom context,istockphoto-1534487017-640_adpp_is.mp4,.mp4,10.15,59.94,768,432,607,0.39,ff2e050800b445913edb7486243ccc1d9c35f3e0a0506f1af5b71eca7859208d,SC-BTH-001,POSITIVE,,pending,False,False,,
SC-BTH-001_p016,SC-BTH-001-bathroom context\Positive\istockphoto-2078068215-640_adpp_is.mp4,SC-BTH-001-bathroom context,istockphoto-2078068215-640_adpp_is.mp4,.mp4,10.98,29.97,768,432,329,1.13,51b38b7c19b956bdea158940db8942b7632f5f1433f8d7f298b890fea3c9b146,SC-BTH-001,POSITIVE,,pending,False,False,,
SC-BTH-001_p017,SC-BTH-001-bathroom context\Positive\istockphoto-2150303777-640_adpp_is.mp4,SC-BTH-001-bathroom context,istockphoto-2150303777-640_adpp_is.mp4,.mp4,28.88,59.94,768,432,1729,3.48,67d679e120ad4a395f49ff4cb8436a0e4f7722de09d4439403ec0812a01e1e61,SC-BTH-001,POSITIVE,,pending,False,False,,
SC-BTH-001_p018,SC-BTH-001-bathroom context\Positive\istockphoto-2150305057-640_adpp_is.mp4,SC-BTH-001-bathroom context,istockphoto-2150305057-640_adpp_is.mp4,.mp4,32.74,59.94,768,432,1961,2.58,ac8440ad6bbb976d93199100acc442bff766eefdbd1b63f0232ccb5425b3e03e,SC-BTH-001,POSITIVE,,pending,False,False,,
SC-BTH-001_p019,SC-BTH-001-bathroom context\Positive\istockphoto-2182096058-640_adpp_is.mp4,SC-BTH-001-bathroom context,istockphoto-2182096058-640_adpp_is.mp4,.mp4,28.86,23.98,768,432,692,0.85,51b421edc021c896669effbbc3b03f1037a4ac82b982ea39f11db447b4ac9850,SC-BTH-001,POSITIVE,,pending,False,False,,
SC-BTH-001_p020,SC-BTH-001-bathroom context\Positive\istockphoto-2205472185-640_adpp_is.mp4,SC-BTH-001-bathroom context,istockphoto-2205472185-640_adpp_is.mp4,.mp4,24.52,25.0,432,768,613,0.6,6d6ecbea63b87b7227f5ee5fa30a973f6a53fa35443e20dacc14f478a2a07565,SC-BTH-001,POSITIVE,,pending,False,False,,
SC-BTH-001_p021,SC-BTH-001-bathroom context\Positive\istockphoto-2245674161-640_adpp_is.mp4,SC-BTH-001-bathroom context,istockphoto-2245674161-640_adpp_is.mp4,.mp4,23.28,25.0,768,432,582,2.26,52b95bb59ddff34d3888f80674957ae55980731271c0bfe155f240e8e0f1bcce,SC-BTH-001,POSITIVE,,pending,False,False,,
SC-BTH-001_p022,SC-BTH-001-bathroom context\Positive\istockphoto-2256471398-640_adpp_is.mp4,SC-BTH-001-bathroom context,istockphoto-2256471398-640_adpp_is.mp4,.mp4,10.0,25.0,768,432,250,0.84,233a3a88f6988c5001834840b8cc268e5bdd0f2275fb2fc2077c4b6cfff53f89,SC-BTH-001,POSITIVE,,pending,False,False,,
SC-BTH-001_p023,SC-BTH-001-bathroom context\Positive\istockphoto-2268948100-640_adpp_is.mp4,SC-BTH-001-bathroom context,istockphoto-2268948100-640_adpp_is.mp4,.mp4,18.4,25.0,768,432,460,0.83,ca4b071bc9073948461eccbe71a24b367c27dd0d2ec2959a1ad7247425700000,SC-BTH-001,POSITIVE,,pending,False,False,,
SC-BTH-002_e001,SC-BTH-002-sink context\Edge\istockphoto-1016390256-640_adpp_is.mp4,SC-BTH-002-sink context,istockphoto-1016390256-640_adpp_is.mp4,.mp4,15.88,25.0,768,432,397,0.8,d9c53811d6552d8de0d5715296381571875d64cbc1e1f8eef02a426530a14ea3,SC-BTH-002,EDGE,,pending,False,False,,
SC-BTH-002_e002,SC-BTH-002-sink context\Edge\istockphoto-1488340151-640_adpp_is.mp4,SC-BTH-002-sink context,istockphoto-1488340151-640_adpp_is.mp4,.mp4,7.0,25.0,768,432,175,0.42,3eab440987ff1c9af1af41e85711ec8759a2565823a040429d858b00a9394c9a,SC-BTH-002,EDGE,,pending,False,False,,
SC-BTH-002_e003,SC-BTH-002-sink context\Edge\istockphoto-1496195475-640_adpp_is.mp4,SC-BTH-002-sink context,istockphoto-1496195475-640_adpp_is.mp4,.mp4,22.76,29.97,768,432,682,1.16,44fe136e90a1ca260c5b6cb9adfad95738dba416556a233e54e4cb8edc159f73,SC-BTH-002,EDGE,,pending,False,False,,
SC-BTH-002_n001,SC-BTH-002-sink context\Negative\istockphoto-1325130663-640_adpp_is.mp4,SC-BTH-002-sink context,istockphoto-1325130663-640_adpp_is.mp4,.mp4,11.28,29.97,768,432,338,0.62,8e1df7c7b5b51bb36628425879785d3e63c7de102e2d2f4da344af29788de8bc,SC-BTH-002,NEGATIVE,,pending,False,False,,
SC-BTH-002_n002,SC-BTH-002-sink context\Negative\istockphoto-2151941013-640_adpp_is.mp4,SC-BTH-002-sink context,istockphoto-2151941013-640_adpp_is.mp4,.mp4,11.01,23.98,768,432,264,0.63,b3a466347e7347a08185b711793d884b22b8ffe2a618bc003a54bed3e8111a09,SC-BTH-002,NEGATIVE,,pending,False,False,,
SC-BTH-002_n003,SC-BTH-002-sink context\Negative\istockphoto-2154803638-640_adpp_is.mp4,SC-BTH-002-sink context,istockphoto-2154803638-640_adpp_is.mp4,.mp4,12.01,29.97,768,432,360,0.85,f0b1b2338047f08b797f4794f1f3ae89ee3e4cc2a9c1fd47fabb03e1a670ac31,SC-BTH-002,NEGATIVE,,pending,False,False,,
SC-BTH-002_p001,SC-BTH-002-sink context\Positive\istockphoto-1001509312-640_adpp_is.mp4,SC-BTH-002-sink context,istockphoto-1001509312-640_adpp_is.mp4,.mp4,45.46,23.98,768,432,1090,2.66,1b2971fb12da82b616af8bc9142eeea2536dcd303c765169c415d4a0de726b9f,SC-BTH-002,POSITIVE,,pending,False,False,,
SC-BTH-002_p002,SC-BTH-002-sink context\Positive\istockphoto-1218960975-640_adpp_is.mp4,SC-BTH-002-sink context,istockphoto-1218960975-640_adpp_is.mp4,.mp4,23.88,25.0,768,432,597,1.22,238feb07ea6d5e8ab99b67d6249610abb1bff3bff8cd949e31931ad05f53e622,SC-BTH-002,POSITIVE,,pending,False,False,,
SC-BTH-002_p003,SC-BTH-002-sink context\Positive\istockphoto-1218977025-640_adpp_is.mp4,SC-BTH-002-sink context,istockphoto-1218977025-640_adpp_is.mp4,.mp4,10.24,25.0,768,432,256,0.5,1ba0ac66669689cc28cb6ef461139619d1636334d5aeffdacabc7915e44717b4,SC-BTH-002,POSITIVE,,pending,False,False,,
SC-BTH-002_p004,SC-BTH-002-sink context\Positive\istockphoto-1270567879-640_adpp_is.mp4,SC-BTH-002-sink context,istockphoto-1270567879-640_adpp_is.mp4,.mp4,9.5,24.0,768,432,228,0.96,78719ebb2fb33b75cff362dfc5e5ac2f56663840f52ee4b2233fbb7553074321,SC-BTH-002,POSITIVE,,pending,False,False,,
SC-BTH-002_p005,SC-BTH-002-sink context\Positive\istockphoto-1282567380-640_adpp_is.mp4,SC-BTH-002-sink context,istockphoto-1282567380-640_adpp_is.mp4,.mp4,20.35,29.97,768,432,610,1.18,c2541ad64c2e2867d2dd2aa73e81621f7dc0fccae38eb9cc9a01519bd0bce436,SC-BTH-002,POSITIVE,,pending,False,False,,
SC-BTH-002_p006,SC-BTH-002-sink context\Positive\istockphoto-1305439175-640_adpp_is.mp4,SC-BTH-002-sink context,istockphoto-1305439175-640_adpp_is.mp4,.mp4,8.88,23.98,768,432,213,0.6,31e433d0ee6c8ca58fd6d98ae2f2ba1a303aa8df62307b730200ee3a77b0594f,SC-BTH-002,POSITIVE,,pending,False,False,,
SC-BTH-002_p007,SC-BTH-002-sink context\Positive\istockphoto-1341542614-640_adpp_is.mp4,SC-BTH-002-sink context,istockphoto-1341542614-640_adpp_is.mp4,.mp4,8.44,25.0,768,432,211,0.51,d4aa77687192b6d2d361791e952f246dc8c93a8a9dffec6b8afbaa8e11db6ab7,SC-BTH-002,POSITIVE,,pending,False,False,,
SC-BTH-002_p008,SC-BTH-002-sink context\Positive\istockphoto-1368681916-640_adpp_is.mp4,SC-BTH-002-sink context,istockphoto-1368681916-640_adpp_is.mp4,.mp4,7.06,29.97,768,432,211,0.98,b1809e94878dae83a8fd108b32a2a69743b5e4a605a27d1074691a32c4638255,SC-BTH-002,POSITIVE,,pending,False,False,,
SC-BTH-002_p009,SC-BTH-002-sink context\Positive\istockphoto-1389027391-640_adpp_is.mp4,SC-BTH-002-sink context,istockphoto-1389027391-640_adpp_is.mp4,.mp4,17.02,23.98,768,432,408,1.12,435ba34c8be3181b1eff926eeaf77897d1b30f5ae5bfd6a79c19c4437a043361,SC-BTH-002,POSITIVE,,pending,False,False,,
SC-BTH-002_p010,SC-BTH-002-sink context\Positive\istockphoto-1451838244-640_adpp_is.mp4,SC-BTH-002-sink context,istockphoto-1451838244-640_adpp_is.mp4,.mp4,22.61,23.98,768,432,542,1.66,490077ecb35bc3d64d23a71aba5ffda173a42aa252d44f50b693a6481be27d6c,SC-BTH-002,POSITIVE,,pending,False,False,,
SC-BTH-002_p011,SC-BTH-002-sink context\Positive\istockphoto-1471640030-640_adpp_is.mp4,SC-BTH-002-sink context,istockphoto-1471640030-640_adpp_is.mp4,.mp4,10.11,29.97,768,432,303,2.18,5cf1531478334427650d23b6a65da6ed610477a05e4f40faa9529ca1371964fc,SC-BTH-002,POSITIVE,,pending,False,False,,
SC-BTH-002_p012,SC-BTH-002-sink context\Positive\istockphoto-1495906316-640_adpp_is.mp4,SC-BTH-002-sink context,istockphoto-1495906316-640_adpp_is.mp4,.mp4,10.28,59.94,768,432,616,1.18,6a7b0783778726af6fd27fc494d9d7c968f812b5038e656e066635fefa165dae,SC-BTH-002,POSITIVE,,pending,False,False,,
SC-BTH-002_p013,SC-BTH-002-sink context\Positive\istockphoto-1777101526-640_adpp_is.mp4,SC-BTH-002-sink context,istockphoto-1777101526-640_adpp_is.mp4,.mp4,9.01,23.98,768,432,216,0.85,99e887cbe82cc3fd5ecd3b6fbfcb6ac7ca1be3144b69099996dfe1e702dcd147,SC-BTH-002,POSITIVE,,pending,False,False,,
SC-BTH-002_p014,SC-BTH-002-sink context\Positive\istockphoto-1954999483-640_adpp_is.mp4,SC-BTH-002-sink context,istockphoto-1954999483-640_adpp_is.mp4,.mp4,18.27,23.98,768,432,438,1.57,1f86d90823a5325b1890d3ebbc2cc4895fa87ad5f95683856beb654f5c067b38,SC-BTH-002,POSITIVE,,pending,False,False,,
SC-BTH-002_p015,SC-BTH-002-sink context\Positive\istockphoto-2249467711-640_adpp_is.mp4,SC-BTH-002-sink context,istockphoto-2249467711-640_adpp_is.mp4,.mp4,12.55,29.97,432,768,376,0.77,c9b6544e29b1e89436ae95295ae613bed3b9b3522f3d7b4521e7ffd1e3c40d63,SC-BTH-002,POSITIVE,,pending,False,False,,
SC-BTH-002_p016,SC-BTH-002-sink context\Positive\istockphoto-2249866714-640_adpp_is.mp4,SC-BTH-002-sink context,istockphoto-2249866714-640_adpp_is.mp4,.mp4,13.21,29.97,768,432,396,0.61,f7032206aa65502198f24cc09461d7ca68574edf23380fe7db47c5c0dd776cf7,SC-BTH-002,POSITIVE,,pending,False,False,,
SC-BTH-002_p017,SC-BTH-002-sink context\Positive\istockphoto-511339366-640_adpp_is.mp4,SC-BTH-002-sink context,istockphoto-511339366-640_adpp_is.mp4,.mp4,17.2,25.0,768,432,430,0.39,ded5d20254d27d6b867439d6760d40245a760e26702e56025fcc3f78e47f9ddd,SC-BTH-002,POSITIVE,,pending,False,False,,
SC-BTH-002_p018,SC-BTH-002-sink context\Positive\istockphoto-823264258-640_adpp_is.mp4,SC-BTH-002-sink context,istockphoto-823264258-640_adpp_is.mp4,.mp4,21.65,23.98,768,432,519,3.04,8473597b763deca7fe2a396b68eb06c4f9011351396e9b20bb3cbcf9229d4cbd,SC-BTH-002,POSITIVE,,pending,False,False,,
SC-BTH-002_p019,SC-BTH-002-sink context\Positive\istockphoto-924164428-640_adpp_is.mp4,SC-BTH-002-sink context,istockphoto-924164428-640_adpp_is.mp4,.mp4,40.0,30.0,768,432,1200,5.87,7be6b43fff476d8cb3aef0e62cd019b8b32fc3ee04f9c836aba99d7ba7c52c11,SC-BTH-002,POSITIVE,,pending,False,False,,
SC-DOC-001_e001,"SC-DOC-001-beside passport, document support\Edge\edge-1.mp4","SC-DOC-001-beside passport, document support",edge-1.mp4,.mp4,11.3,23.98,768,432,271,1.29,23ee9247e1c8822824d6e8961c2ca47ce4af0e27bfca8edaebed4188e5d4c0ba,SC-DOC-001,EDGE,,pending,False,False,,
SC-DOC-001_e002,"SC-DOC-001-beside passport, document support\Edge\edge-2.mp4","SC-DOC-001-beside passport, document support",edge-2.mp4,.mp4,6.76,25.0,768,432,169,0.41,8841e6ac06d620e2262c4fea61bde33bc1cf07a7b77d9da265a407ff381ed680,SC-DOC-001,EDGE,,pending,False,False,,
SC-DOC-001_n001,"SC-DOC-001-beside passport, document support\Negative\gettyimages-1379360760-640_adpp.mp4","SC-DOC-001-beside passport, document support",gettyimages-1379360760-640_adpp.mp4,.mp4,4.44,23.98,768,432,106,0.37,4bc932735bd67698b61b91f1cb0f5154c021a7b01da70b99cfc4bc13490f5932,SC-DOC-001,NEGATIVE,,pending,False,False,,
SC-DOC-001_n002,"SC-DOC-001-beside passport, document support\Negative\neg-2.mp4","SC-DOC-001-beside passport, document support",neg-2.mp4,.mp4,16.0,30.0,768,432,480,1.31,203f6a3b7f4ca2dcbc93bbfe76701b6945ada2b1ae19cd2d44f915dab7a9cd24,SC-DOC-001,NEGATIVE,,pending,False,False,,
SC-DOC-001_p001,"SC-DOC-001-beside passport, document support\positive\passport-1.mp4","SC-DOC-001-beside passport, document support",passport-1.mp4,.mp4,12.62,50.0,768,432,631,0.72,42f57d252b9b368b76a8edd5b45324717326e054adc1e8662cb8313f737dd3a9,SC-DOC-001,POSITIVE,,pending,False,False,,
SC-DOC-001_p002,"SC-DOC-001-beside passport, document support\positive\passport-2.mp4","SC-DOC-001-beside passport, document support",passport-2.mp4,.mp4,8.64,25.0,432,768,216,0.52,6b6b5a496b05c084c431bfa8d1636746c1af35d06069c97fb180b1d9823d1b62,SC-DOC-001,POSITIVE,,pending,False,False,,
SC-DOC-001_p003,"SC-DOC-001-beside passport, document support\positive\passport-3.mp4","SC-DOC-001-beside passport, document support",passport-3.mp4,.mp4,11.62,24.0,768,432,279,0.7,e2334a6e0c298d8d7f0ab603873405ba57fec33413f4fe26a169cf26b07d19f2,SC-DOC-001,POSITIVE,,pending,False,False,,
SC-DOC-001_p004,"SC-DOC-001-beside passport, document support\positive\passport-4.mp4","SC-DOC-001-beside passport, document support",passport-4.mp4,.mp4,8.24,25.0,768,432,206,0.43,5001201e3a179ced61732c8951af8a9b89055a72774f7791b5dfc1559b88c4fc,SC-DOC-001,POSITIVE,,pending,False,False,,
SC-DOC-001_p005,"SC-DOC-001-beside passport, document support\positive\passport-5.mp4","SC-DOC-001-beside passport, document support",passport-5.mp4,.mp4,12.93,59.94,768,432,775,1.08,1b95e7ae31d2174f32f98321a31d47473816f4b318db6477b4ba2609f79cd2c7,SC-DOC-001,POSITIVE,,pending,False,False,,
SC-DOC-001_p006,"SC-DOC-001-beside passport, document support\positive\passport-6.mp4","SC-DOC-001-beside passport, document support",passport-6.mp4,.mp4,7.57,25.0,768,432,189,0.3,7a0858cf4b7af256db21f2da2857c5c332fa23e4c38c78d8efa2d2c3463dd364,SC-DOC-001,POSITIVE,,pending,False,False,,
SC-DOC-001_p007,"SC-DOC-001-beside passport, document support\positive\passport-7.mp4","SC-DOC-001-beside passport, document support",passport-7.mp4,.mp4,5.68,25.0,768,432,142,0.31,70185b1523867dee54f1225498248bcfcfe0b1dbbf904cdf122ec7212604199e,SC-DOC-001,POSITIVE,,pending,False,False,,
SC-DOC-002_e001,"SC-DOC-002-Book, reading contex\Edge\edg-2.mp4","SC-DOC-002-Book, reading contex",edg-2.mp4,.mp4,7.51,23.98,768,432,180,0.26,fd3bd36e9f01f337fd193e238c358dd53f90be051d806850bbd91bb893b61675,SC-DOC-002,EDGE,,pending,False,False,,
SC-DOC-002_e002,"SC-DOC-002-Book, reading contex\Edge\Edge-1.mp4","SC-DOC-002-Book, reading contex",Edge-1.mp4,.mp4,9.44,25.0,768,432,236,0.1,c214625abbf1c488bf066981db3ea8af90e32e4a90878dec583731e5b702ab70,SC-DOC-002,EDGE,,pending,False,False,,
SC-DOC-002_n001,"SC-DOC-002-Book, reading contex\Negative\neg-1.mp4","SC-DOC-002-Book, reading contex",neg-1.mp4,.mp4,6.24,25.0,768,432,156,0.17,7f6cfd9af860d2a449a20ca02cf0dc1c7dd02cc0c71bfa43b419a25ec5669fd8,SC-DOC-002,NEGATIVE,,pending,False,False,,
SC-DOC-002_n002,"SC-DOC-002-Book, reading contex\Negative\neg-2.mp4","SC-DOC-002-Book, reading contex",neg-2.mp4,.mp4,14.01,29.97,768,432,420,0.54,e2d8586ef6e1e5fdef17d4cd640b1a5dc88abf9b4d1256399ae61b9999ba3fb0,SC-DOC-002,NEGATIVE,,pending,False,False,,
SC-DOC-002_p001,"SC-DOC-002-Book, reading contex\positive\gettyimages-1369895585-640_adpp.mp4","SC-DOC-002-Book, reading contex",gettyimages-1369895585-640_adpp.mp4,.mp4,18.22,29.97,768,432,546,0.41,096bc8e6f40e74176fcb8db611fc16ace3cd0fe966b45abda970ad4e962a2ce5,SC-DOC-002,POSITIVE,,pending,False,False,,
SC-DOC-002_p002,"SC-DOC-002-Book, reading contex\positive\pos2.mp4","SC-DOC-002-Book, reading contex",pos2.mp4,.mp4,23.1,29.97,768,432,692,1.16,44c7feaa258d25092ba108f1b158cede791de22de8b9566e0aaaa6764cc0ac8d,SC-DOC-002,POSITIVE,,pending,False,False,,
SC-DOC-002_p003,"SC-DOC-002-Book, reading contex\positive\pos3.mp4","SC-DOC-002-Book, reading contex",pos3.mp4,.mp4,11.47,23.98,768,432,275,0.49,3e963ee18a29ef031c59d86600901a68740e6be2b88eacf682a83c0147a243f6,SC-DOC-002,POSITIVE,,pending,False,False,,
SC-DOC-002_p004,"SC-DOC-002-Book, reading contex\positive\pos4.mp4","SC-DOC-002-Book, reading contex",pos4.mp4,.mp4,15.1,23.98,576,432,362,0.55,2f7b80faf19ac230a4e155d6e62f2285df53710545cc375fc440deb628b69785,SC-DOC-002,POSITIVE,,pending,False,False,,
SC-DOC-002_p005,"SC-DOC-002-Book, reading contex\positive\pos5.mp4","SC-DOC-002-Book, reading contex",pos5.mp4,.mp4,7.96,25.0,768,432,199,0.37,eddf05190e3c70fa9ef0d43caf525c94b41c1faf4d0b13dd3a3603408c1467ce,SC-DOC-002,POSITIVE,,pending,False,False,,
SC-DOC-002_p006,"SC-DOC-002-Book, reading contex\positive\pos6.mp4","SC-DOC-002-Book, reading contex",pos6.mp4,.mp4,5.0,25.0,768,432,125,0.19,7861088eac48fd0b04684a419974714a09064f3bf7a4c79ee1ae543889c112ce,SC-DOC-002,POSITIVE,,pending,False,False,,
SC-DOC-002_p007,"SC-DOC-002-Book, reading contex\positive\pos7.mp4","SC-DOC-002-Book, reading contex",pos7.mp4,.mp4,14.01,29.97,768,432,420,0.54,e2d8586ef6e1e5fdef17d4cd640b1a5dc88abf9b4d1256399ae61b9999ba3fb0,SC-DOC-002,POSITIVE,,pending,False,True,SC-DOC-002_n002,
SC-ELC-001_e001,SC-ELC-001-charger risk\edge\istockphoto-1250039881-640_adpp_is.mp4,SC-ELC-001-charger risk,istockphoto-1250039881-640_adpp_is.mp4,.mp4,15.52,29.97,768,432,465,0.35,bb7c63cf6e217ae8b126e78e98e65548a2489b77e493e4acad4588749f83dee4,SC-ELC-001,EDGE,,pending,False,False,,
SC-ELC-001_e002,SC-ELC-001-charger risk\edge\istockphoto-1500834099-640_adpp_is.mp4,SC-ELC-001-charger risk,istockphoto-1500834099-640_adpp_is.mp4,.mp4,12.72,25.0,768,432,318,1.23,e7cb823cf70b5cf81eb7459599d7da786b219484c223c35184ae0a6a533fa1cf,SC-ELC-001,EDGE,,pending,False,False,,
SC-ELC-001_e003,SC-ELC-001-charger risk\edge\istockphoto-2157084809-640_adpp_is.mp4,SC-ELC-001-charger risk,istockphoto-2157084809-640_adpp_is.mp4,.mp4,8.8,25.0,768,432,220,0.24,75ffcef95856eb2e8ddbbe06a2f985a39119c2881f6199fc961cdd8c52f63dc7,SC-ELC-001,EDGE,,pending,False,False,,
SC-ELC-001_e004,SC-ELC-001-charger risk\edge\istockphoto-2162978895-640_adpp_is.mp4,SC-ELC-001-charger risk,istockphoto-2162978895-640_adpp_is.mp4,.mp4,5.14,29.97,768,432,154,0.3,4d4bb4f165b088354f903a50ee506834c03b7cdecf9d9f9fe8802d3f6cc48281,SC-ELC-001,EDGE,,pending,False,False,,
SC-ELC-001_e005,SC-ELC-001-charger risk\edge\istockphoto-2221725457-640_adpp_is.mp4,SC-ELC-001-charger risk,istockphoto-2221725457-640_adpp_is.mp4,.mp4,9.0,60.0,768,432,540,0.36,f5bdcb3ad7412e98c2e3b056cfa00212e5838cd8a925a9ff7b33486f5f54bb30,SC-ELC-001,EDGE,,pending,False,False,,
SC-ELC-001_e006,SC-ELC-001-charger risk\edge\istockphoto-2221731650-640_adpp_is.mp4,SC-ELC-001-charger risk,istockphoto-2221731650-640_adpp_is.mp4,.mp4,11.02,60.0,432,768,661,0.33,ca37a2f1aa9a1e7d85e4bb301ff52e9aa137d114c16b10ab252eca66a9feef3a,SC-ELC-001,EDGE,,pending,False,False,,
SC-ELC-001_e007,SC-ELC-001-charger risk\edge\istockphoto-2266217471-640_adpp_is.mp4,SC-ELC-001-charger risk,istockphoto-2266217471-640_adpp_is.mp4,.mp4,12.18,29.97,768,432,365,0.69,bf21135e7224485017dc9f8aeecac12dac2ea481dc527e00a2d0acd2206446c5,SC-ELC-001,EDGE,,pending,False,False,,
SC-ELC-001_n001,SC-ELC-001-charger risk\negative\istockphoto-1346288012-640_adpp_is.mp4,SC-ELC-001-charger risk,istockphoto-1346288012-640_adpp_is.mp4,.mp4,11.04,50.0,768,432,552,0.4,542323f79f755356c14284c45acb683a86372aadf41aaef7bdf91a780e42ac70,SC-ELC-001,NEGATIVE,,pending,False,False,,
SC-ELC-001_n002,SC-ELC-001-charger risk\negative\istockphoto-1346293324-640_adpp_is.mp4,SC-ELC-001-charger risk,istockphoto-1346293324-640_adpp_is.mp4,.mp4,11.54,50.0,768,432,577,0.35,f9ca6badbe7edcdbcf5e88ba66cf930c6dc728f0b906d3d0b63d0ee47b7be74e,SC-ELC-001,NEGATIVE,,pending,False,False,,
SC-ELC-001_n003,SC-ELC-001-charger risk\negative\istockphoto-1387916739-640_adpp_is.mp4,SC-ELC-001-charger risk,istockphoto-1387916739-640_adpp_is.mp4,.mp4,29.43,29.97,768,432,882,0.46,bd139cb59b3df2cdedb28bc2e96b87c91e99a4d5c77b0d501c4152582dce500b,SC-ELC-001,NEGATIVE,,pending,False,False,,
SC-ELC-001_n004,SC-ELC-001-charger risk\negative\istockphoto-1703117936-640_adpp_is.mp4,SC-ELC-001-charger risk,istockphoto-1703117936-640_adpp_is.mp4,.mp4,12.35,29.97,768,432,370,0.77,9876d179cbf503106ecb8445f82180626cb05fda1d98f333274261d8ae381b4d,SC-ELC-001,NEGATIVE,,pending,False,False,,
SC-ELC-001_n005,SC-ELC-001-charger risk\negative\istockphoto-1754275579-640_adpp_is.mp4,SC-ELC-001-charger risk,istockphoto-1754275579-640_adpp_is.mp4,.mp4,6.27,29.97,768,432,187,0.17,18e50c8c40379d14dcbb051e24dc2acfd5a82f8d6518f102e265532c664e527d,SC-ELC-001,NEGATIVE,,pending,False,False,,
SC-ELC-001_n006,SC-ELC-001-charger risk\negative\istockphoto-1913529401-640_adpp_is.mp4,SC-ELC-001-charger risk,istockphoto-1913529401-640_adpp_is.mp4,.mp4,10.08,25.0,768,432,252,0.23,da48e0c9ba3c455f7872e313774c2cdc5ce0a7c016c17617e38f5c452faa23db,SC-ELC-001,NEGATIVE,,pending,False,False,,
SC-ELC-001_n007,SC-ELC-001-charger risk\negative\istockphoto-1940978335-640_adpp_is.mp4,SC-ELC-001-charger risk,istockphoto-1940978335-640_adpp_is.mp4,.mp4,5.3,23.98,768,432,127,0.13,0199c748fb5fe651d8bcbb7a6e06e7e6440e002b8a77872257d8ed7fb79fb42e,SC-ELC-001,NEGATIVE,,pending,False,False,,
SC-ELC-001_n008,SC-ELC-001-charger risk\negative\istockphoto-2027133422-640_adpp_is.mp4,SC-ELC-001-charger risk,istockphoto-2027133422-640_adpp_is.mp4,.mp4,8.0,25.0,768,432,200,0.17,e13c97741067ad98add6ac9ee047f8ec65deb3550ca590a0320bc0a6c995a0f5,SC-ELC-001,NEGATIVE,,pending,False,False,,
SC-ELC-001_n009,SC-ELC-001-charger risk\negative\istockphoto-2157086192-640_adpp_is.mp4,SC-ELC-001-charger risk,istockphoto-2157086192-640_adpp_is.mp4,.mp4,9.8,25.0,768,432,245,0.3,afc3812c9b76a7b335c5e418d51a9667c0f488cfe0a99cb484a0c0185caca7ec,SC-ELC-001,NEGATIVE,,pending,False,False,,
SC-ELC-001_n010,SC-ELC-001-charger risk\negative\istockphoto-2257082304-640_adpp_is.mp4,SC-ELC-001-charger risk,istockphoto-2257082304-640_adpp_is.mp4,.mp4,18.24,25.0,768,432,456,0.91,93e3aaeb89cdfe0da94ed09ffeaceffaa6a15f072e7854de3f61f53396e66ce3,SC-ELC-001,NEGATIVE,,pending,False,False,,
SC-ELC-001_p001,SC-ELC-001-charger risk\positive\istockphoto-1177049374-640_adpp_is.mp4,SC-ELC-001-charger risk,istockphoto-1177049374-640_adpp_is.mp4,.mp4,13.0,24.0,768,432,312,1.23,5a82e9ff6fdf611acd1c7c2f12d84fd0d14f9d9ea816cf1141dae01b80cfb7be,SC-ELC-001,POSITIVE,,pending,False,False,,
SC-ELC-001_p002,SC-ELC-001-charger risk\positive\istockphoto-2175501794-640_adpp_is.mp4,SC-ELC-001-charger risk,istockphoto-2175501794-640_adpp_is.mp4,.mp4,8.72,25.0,768,432,218,0.39,8c5c9ee75832ddf4ebcd6c9f062c1bee840648b2f566095d614237b60db58ce5,SC-ELC-001,POSITIVE,,pending,False,False,,
SC-ELC-001_p003,SC-ELC-001-charger risk\positive\istockphoto-2179511323-640_adpp_is.mp4,SC-ELC-001-charger risk,istockphoto-2179511323-640_adpp_is.mp4,.mp4,8.76,25.0,768,432,219,0.27,e17093ba41ec5a3156227af7f0af044d5722e9b45e5d86e6ef4c6a02e9a266f9,SC-ELC-001,POSITIVE,,pending,False,False,,
SC-ELC-001_p004,SC-ELC-001-charger risk\positive\istockphoto-2239713766-640_adpp_is.mp4,SC-ELC-001-charger risk,istockphoto-2239713766-640_adpp_is.mp4,.mp4,21.6,25.0,768,432,540,1.02,b8293712f1ee0ceeba6ff5ae16202fbd31636695afae242eb1c6c3d8c314fc29,SC-ELC-001,POSITIVE,,pending,False,False,,
SC-ELC-001_p005,SC-ELC-001-charger risk\positive\istockphoto-2268766896-640_adpp_is.mp4,SC-ELC-001-charger risk,istockphoto-2268766896-640_adpp_is.mp4,.mp4,16.56,25.0,768,432,414,0.46,1ace6276d019fe9690564e5a5e92f86251619c4543c7a44ac412cbecb8e5779b,SC-ELC-001,POSITIVE,,pending,False,False,,
SC-ELC-001_p006,SC-ELC-001-charger risk\positive\istockphoto-2269109455-640_adpp_is.mp4,SC-ELC-001-charger risk,istockphoto-2269109455-640_adpp_is.mp4,.mp4,16.28,50.0,768,432,814,1.15,ed0fffd36cc178457e14f54cb3ca8621ad02c7cb5ce88fad0cd4809423900c4b,SC-ELC-001,POSITIVE,,pending,False,False,,
SC-ELC-001_p007,SC-ELC-001-charger risk\positive\istockphoto-2271128835-640_adpp_is.mp4,SC-ELC-001-charger risk,istockphoto-2271128835-640_adpp_is.mp4,.mp4,17.4,25.0,768,432,435,0.46,399ee0347c24005bc58c65f62a8fbc1ff6067b96786dd2c1be1d7bc9382ecb76,SC-ELC-001,POSITIVE,,pending,False,False,,
SC-ELC-002_e001,SC-ELC-002-wire risk\edge\istockphoto-1909805753-640_adpp_is.mp4,SC-ELC-002-wire risk,istockphoto-1909805753-640_adpp_is.mp4,.mp4,6.97,30.0,432,768,209,0.8,f95546b8b98d02218c0530a3692b74785ad72b9764b8eb2c5a3e4835d22a8b13,SC-ELC-002,EDGE,,pending,False,False,,
SC-ELC-002_e002,SC-ELC-002-wire risk\edge\istockphoto-1927913095-640_adpp_is.mp4,SC-ELC-002-wire risk,istockphoto-1927913095-640_adpp_is.mp4,.mp4,7.92,25.0,768,432,198,0.5,96523565e4d2830e446092fb9c5adcecf6d3a877e23fc3cb377c1bb13964f2ea,SC-ELC-002,EDGE,,pending,False,False,,
SC-ELC-002_e003,SC-ELC-002-wire risk\edge\istockphoto-2220664340-640_adpp_is.mp4,SC-ELC-002-wire risk,istockphoto-2220664340-640_adpp_is.mp4,.mp4,19.37,60.0,768,432,1162,3.43,5369ee1278fa71468d85402773d11ed4826fe5c87f5d0d4082acfd9d86ffe940,SC-ELC-002,EDGE,,pending,False,False,,
SC-ELC-002_e004,SC-ELC-002-wire risk\edge\istockphoto-2260064547-640_adpp_is.mp4,SC-ELC-002-wire risk,istockphoto-2260064547-640_adpp_is.mp4,.mp4,11.21,29.97,768,432,336,0.81,a63fbe28d0ef5a379d1d550c4e1ca963f2c5740a9d660e8124ceb72a607b19bd,SC-ELC-002,EDGE,,pending,False,False,,
SC-ELC-002_n001,SC-ELC-002-wire risk\negative\istockphoto-1226830678-640_adpp_is.mp4,SC-ELC-002-wire risk,istockphoto-1226830678-640_adpp_is.mp4,.mp4,37.24,25.0,768,432,931,1.54,3f7c9d9353e57c1cd584394b893414c7a5e2583f007563c519200e7f8407429a,SC-ELC-002,NEGATIVE,,pending,False,False,,
SC-ELC-002_n002,SC-ELC-002-wire risk\negative\istockphoto-1500834099-640_adpp_is.mp4,SC-ELC-002-wire risk,istockphoto-1500834099-640_adpp_is.mp4,.mp4,12.72,25.0,768,432,318,1.23,e7cb823cf70b5cf81eb7459599d7da786b219484c223c35184ae0a6a533fa1cf,SC-ELC-002,NEGATIVE,,pending,False,True,SC-ELC-001_e002,
SC-ELC-002_n003,SC-ELC-002-wire risk\negative\istockphoto-2257308407-640_adpp_is.mp4,SC-ELC-002-wire risk,istockphoto-2257308407-640_adpp_is.mp4,.mp4,8.64,25.0,768,432,216,0.94,cec7be788a02b7fd3fef650fb44ef6a36b01ced9174f1e2491cd64844ef8029b,SC-ELC-002,NEGATIVE,,pending,False,False,,
SC-ELC-002_n004,SC-ELC-002-wire risk\negative\istockphoto-2257880049-640_adpp_is.mp4,SC-ELC-002-wire risk,istockphoto-2257880049-640_adpp_is.mp4,.mp4,10.73,30.0,768,432,322,0.77,3ecb87219ea07ab5042d8e63f5dda956487b2a6f473de1e3527101a19f825c81,SC-ELC-002,NEGATIVE,,pending,False,False,,
SC-ELC-002_p001,SC-ELC-002-wire risk\positive\istockphoto-1066788306-640_adpp_is.mp4,SC-ELC-002-wire risk,istockphoto-1066788306-640_adpp_is.mp4,.mp4,8.31,23.98,768,432,199,0.97,98b459930c05a7158d3398ac7894d6c8cfedec96aa59fea0c8af774fb3f98647,SC-ELC-002,POSITIVE,,pending,False,False,,
SC-ELC-002_p002,SC-ELC-002-wire risk\positive\istockphoto-1314039378-640_adpp_is.mp4,SC-ELC-002-wire risk,istockphoto-1314039378-640_adpp_is.mp4,.mp4,11.75,60.0,768,432,705,0.78,7a73305febca0fc726d0d45f6ab775ca7ab6a776253928ba7dd810dc310ae82e,SC-ELC-002,POSITIVE,,pending,False,False,,
SC-ELC-002_p003,SC-ELC-002-wire risk\positive\istockphoto-1370693577-640_adpp_is.mp4,SC-ELC-002-wire risk,istockphoto-1370693577-640_adpp_is.mp4,.mp4,15.0,60.0,768,432,900,3.36,40c3b640da67b18452eab5d89ab758372dbc03933522fd97dbf969a3ae53a68a,SC-ELC-002,POSITIVE,,pending,False,False,,
SC-ELC-002_p004,SC-ELC-002-wire risk\positive\istockphoto-1423889414-640_adpp_is.mp4,SC-ELC-002-wire risk,istockphoto-1423889414-640_adpp_is.mp4,.mp4,11.6,25.0,768,432,290,0.5,0cb4b76f98a6a19b8ec3277548654936e24977f0f76c78f8e01b0c677a764798,SC-ELC-002,POSITIVE,,pending,False,False,,
SC-ELC-002_p005,SC-ELC-002-wire risk\positive\istockphoto-1424662642-640_adpp_is.mp4,SC-ELC-002-wire risk,istockphoto-1424662642-640_adpp_is.mp4,.mp4,13.9,50.0,768,432,695,1.07,27fb34841f7174a083270e87e31a34892aeb8a4fccd9c222be335730b4311595,SC-ELC-002,POSITIVE,,pending,False,False,,
SC-ELC-002_p006,SC-ELC-002-wire risk\positive\istockphoto-1424772586-640_adpp_is.mp4,SC-ELC-002-wire risk,istockphoto-1424772586-640_adpp_is.mp4,.mp4,6.32,50.0,768,432,316,0.4,95f801038235f9756431014d149374ee1ed83d00a3e2bee8aa06d7656a1c70fa,SC-ELC-002,POSITIVE,,pending,False,False,,
SC-ELC-002_p007,SC-ELC-002-wire risk\positive\istockphoto-167598741-640_adpp_is.mp4,SC-ELC-002-wire risk,istockphoto-167598741-640_adpp_is.mp4,.mp4,29.36,29.97,768,432,880,4.28,fcc4884124ba9c834259c273bf3dc6333e33bba0cc03331d8b2ca8bc4b9a2ed2,SC-ELC-002,POSITIVE,,pending,False,False,,
SC-ELC-002_p008,SC-ELC-002-wire risk\positive\istockphoto-1776846330-640_adpp_is.mp4,SC-ELC-002-wire risk,istockphoto-1776846330-640_adpp_is.mp4,.mp4,10.77,59.94,768,432,645,0.58,769f93a68b131c10b073d7b938cefc25f3d457a1d72f3877ad411155e8b4f0ed,SC-ELC-002,POSITIVE,,pending,False,False,,
SC-ELC-002_p009,SC-ELC-002-wire risk\positive\istockphoto-1791084476-640_adpp_is.mp4,SC-ELC-002-wire risk,istockphoto-1791084476-640_adpp_is.mp4,.mp4,10.52,25.0,768,432,263,0.21,f91a3ddba5e2522834e56dbbdc737a6005038de253afcd4fa3f1787db4f7c855,SC-ELC-002,POSITIVE,,pending,False,False,,
SC-ELC-002_p010,SC-ELC-002-wire risk\positive\istockphoto-2149288971-640_adpp_is.mp4,SC-ELC-002-wire risk,istockphoto-2149288971-640_adpp_is.mp4,.mp4,50.88,25.0,768,432,1272,6.26,0fce48c5c25e7b63709550e0f7ae034a65d6d90f671ac71e046e60d62e21ddf0,SC-ELC-002,POSITIVE,,pending,False,False,,
SC-ELC-002_p011,SC-ELC-002-wire risk\positive\istockphoto-2256156840-640_adpp_is.mp4,SC-ELC-002-wire risk,istockphoto-2256156840-640_adpp_is.mp4,.mp4,10.08,24.0,768,432,242,0.57,f5c4e5113899e189f75549e15c5ba0cbcef2f046ca81714984b64d89abdadcea,SC-ELC-002,POSITIVE,,pending,False,False,,
SC-ELC-002_p012,SC-ELC-002-wire risk\positive\istockphoto-2258418756-640_adpp_is.mp4,SC-ELC-002-wire risk,istockphoto-2258418756-640_adpp_is.mp4,.mp4,7.68,25.0,768,432,192,0.43,7c13b5254008d644a2f848fc89351ac7f66736fa2beadf13aee3798a915c8b92,SC-ELC-002,POSITIVE,,pending,False,False,,
SC-ELC-002_p013,SC-ELC-002-wire risk\positive\istockphoto-472863279-640_adpp_is.mp4,SC-ELC-002-wire risk,istockphoto-472863279-640_adpp_is.mp4,.mp4,26.03,29.97,768,432,780,1.87,eba85517f8ee2bfd1fa96f46c80ab6966553bb2a8e28a8be139feac2ad29dd2d,SC-ELC-002,POSITIVE,,pending,False,False,,
SC-FAL-001_e001,SC-FAL-001-wet floor\Edge\istockphoto-1164387112-640_adpp_is.mp4,SC-FAL-001-wet floor,istockphoto-1164387112-640_adpp_is.mp4,.mp4,15.8,25.0,768,432,395,1.22,ec7d1dc998dddbf7725a0cbc256af0b800002d7d2b3debe9cf86f637defb5762,SC-FAL-001,EDGE,,pending,False,False,,
SC-FAL-001_e002,SC-FAL-001-wet floor\Edge\istockphoto-1190858198-640_adpp_is.mp4,SC-FAL-001-wet floor,istockphoto-1190858198-640_adpp_is.mp4,.mp4,16.65,29.97,768,432,499,0.97,1cadb528e70917c2f838e070622868c5bbc5e9b3849f20fec06b3b032fb1bfab,SC-FAL-001,EDGE,,pending,False,False,,
SC-FAL-001_e003,SC-FAL-001-wet floor\Edge\istockphoto-1256971439-640_adpp_is.mp4,SC-FAL-001-wet floor,istockphoto-1256971439-640_adpp_is.mp4,.mp4,10.0,25.0,768,432,250,1.03,cb5a54be5f49a0b24a93ac0f76460119773af3ae8ae2c888f2da933985ee382b,SC-FAL-001,EDGE,,pending,False,False,,
SC-FAL-001_e004,SC-FAL-001-wet floor\Edge\istockphoto-1280784361-640_adpp_is.mp4,SC-FAL-001-wet floor,istockphoto-1280784361-640_adpp_is.mp4,.mp4,25.68,25.0,768,432,642,2.85,b64506cc5063dfbc9f12594a8ede891678327dde61c0e3895a0ce4d086eb18d3,SC-FAL-001,EDGE,,pending,False,False,,
SC-FAL-001_n001,SC-FAL-001-wet floor\Negative\istockphoto-2275075015-640_adpp_is.mp4,SC-FAL-001-wet floor,istockphoto-2275075015-640_adpp_is.mp4,.mp4,11.88,29.97,768,432,356,0.38,5c2c0af5da5ead58dd9937bbae25fee6bcfd341dc5508ea78a95178061ccf202,SC-FAL-001,NEGATIVE,,pending,False,False,,
SC-FAL-001_n002,SC-FAL-001-wet floor\Negative\istockphoto-2283868007-640_adpp_is.mp4,SC-FAL-001-wet floor,istockphoto-2283868007-640_adpp_is.mp4,.mp4,7.24,30.0,768,432,217,0.65,749e464b02f785cfe038cd8399c14e70b92e39acc339550cb3f0a6daac1fabdf,SC-FAL-001,NEGATIVE,,pending,False,False,,
SC-FAL-001_n003,SC-FAL-001-wet floor\Negative\istockphoto-824101194-640_adpp_is.mp4,SC-FAL-001-wet floor,istockphoto-824101194-640_adpp_is.mp4,.mp4,11.4,25.0,768,432,285,1.72,89a0216bbdb266e462c27dfe7b1d59880c60844ad273ab031bc665a77176fc2d,SC-FAL-001,NEGATIVE,,pending,False,False,,
SC-FAL-001_p001,SC-FAL-001-wet floor\Positive\istockphoto-1178803112-640_adpp_is.mp4,SC-FAL-001-wet floor,istockphoto-1178803112-640_adpp_is.mp4,.mp4,7.87,29.97,768,432,236,0.31,8238ba8ffd7b5d206c7d74f5b6280f27d6ad033f7e01bb2e21bf197c1a427450,SC-FAL-001,POSITIVE,,pending,False,False,,
SC-FAL-001_p002,SC-FAL-001-wet floor\Positive\istockphoto-1216933515-640_adpp_is.mp4,SC-FAL-001-wet floor,istockphoto-1216933515-640_adpp_is.mp4,.mp4,10.44,25.0,768,432,261,0.23,28cb953f439d831c7b90e673b39c0d32117e7f2354cde83878b9e68a425a2927,SC-FAL-001,POSITIVE,,pending,False,False,,
SC-FAL-001_p003,SC-FAL-001-wet floor\Positive\istockphoto-1216933563-640_adpp_is.mp4,SC-FAL-001-wet floor,istockphoto-1216933563-640_adpp_is.mp4,.mp4,11.44,25.0,768,432,286,1.18,17fcf5bc630695362895b3f3ad2e041613a9261dcbf0ce4a4dd97a57e64377cc,SC-FAL-001,POSITIVE,,pending,False,False,,
SC-FAL-001_p004,SC-FAL-001-wet floor\Positive\istockphoto-1216933569-640_adpp_is.mp4,SC-FAL-001-wet floor,istockphoto-1216933569-640_adpp_is.mp4,.mp4,19.6,25.0,768,432,490,0.61,6d87b902cb72cc7a4544abd9a58bed462fddcfabe9024428ceeaf0a0bdcfe668,SC-FAL-001,POSITIVE,,pending,False,False,,
SC-FAL-001_p005,SC-FAL-001-wet floor\Positive\istockphoto-1243014531-640_adpp_is.mp4,SC-FAL-001-wet floor,istockphoto-1243014531-640_adpp_is.mp4,.mp4,8.57,25.0,768,432,213,0.3,0fb3e0a12b399faa07805d42373d5a0fa9217d75f79f0e973110ecef15978bf2,SC-FAL-001,POSITIVE,,pending,False,False,,
SC-FAL-001_p006,SC-FAL-001-wet floor\Positive\istockphoto-1279918901-640_adpp_is.mp4,SC-FAL-001-wet floor,istockphoto-1279918901-640_adpp_is.mp4,.mp4,18.13,25.0,768,432,453,1.47,09526d79b2a0fbdec3af01b437563e4e2aa39c6915b51e72cac6679b6b169169,SC-FAL-001,POSITIVE,,pending,False,False,,
SC-FAL-001_p007,SC-FAL-001-wet floor\Positive\istockphoto-1334767425-640_adpp_is.mp4,SC-FAL-001-wet floor,istockphoto-1334767425-640_adpp_is.mp4,.mp4,20.57,30.0,768,432,617,2.74,9dcbc967caa7b33f68f184521116552ec8c91a69205ef3c56b82344ec01cda9d,SC-FAL-001,POSITIVE,,pending,False,False,,
SC-FAL-001_p008,SC-FAL-001-wet floor\Positive\istockphoto-1355308156-640_adpp_is.mp4,SC-FAL-001-wet floor,istockphoto-1355308156-640_adpp_is.mp4,.mp4,55.3,29.97,768,432,1657,1.37,9abc25d12bef8a0c054399306792d0ecc21d68ec338604f439e4621ed325c077,SC-FAL-001,POSITIVE,,pending,False,False,,
SC-FAL-001_p009,SC-FAL-001-wet floor\Positive\istockphoto-1361016974-640_adpp_is.mp4,SC-FAL-001-wet floor,istockphoto-1361016974-640_adpp_is.mp4,.mp4,14.88,25.0,768,432,372,0.5,838fed0efecc8a0b9c8a5db3bfde33a74c79b30d70d069c04205d78899dc0d72,SC-FAL-001,POSITIVE,,pending,False,False,,
SC-FAL-001_p010,SC-FAL-001-wet floor\Positive\istockphoto-1361049421-640_adpp_is.mp4,SC-FAL-001-wet floor,istockphoto-1361049421-640_adpp_is.mp4,.mp4,13.04,25.0,768,432,326,1.72,6bed9280a543709fc62eb4179992cd1bdd8f0cc0079ba2c6a39b1abfc228e19b,SC-FAL-001,POSITIVE,,pending,False,False,,
SC-FAL-001_p011,SC-FAL-001-wet floor\Positive\istockphoto-1361470366-640_adpp_is.mp4,SC-FAL-001-wet floor,istockphoto-1361470366-640_adpp_is.mp4,.mp4,8.46,24.0,768,432,203,4.01,4939d8937c1a9b28f2e4d310dd6291b5931329f2f5c7a57b2c8728da1e4f12dd,SC-FAL-001,POSITIVE,,pending,False,False,,
SC-FAL-001_p012,SC-FAL-001-wet floor\Positive\istockphoto-1362813836-640_adpp_is.mp4,SC-FAL-001-wet floor,istockphoto-1362813836-640_adpp_is.mp4,.mp4,16.04,25.0,768,432,401,0.82,60c28ea04eeb11451f412326f4850f732282eb585c7beacd1a2541dca3fc00dc,SC-FAL-001,POSITIVE,,pending,False,False,,
SC-FAL-001_p013,SC-FAL-001-wet floor\Positive\istockphoto-1396484225-640_adpp_is.mp4,SC-FAL-001-wet floor,istockphoto-1396484225-640_adpp_is.mp4,.mp4,14.08,25.0,768,432,352,0.62,c11a581b3c2c7695df525997e7ad16e8d9744ac9d3d226c549ad982504067f15,SC-FAL-001,POSITIVE,,pending,False,False,,
SC-FAL-001_p014,SC-FAL-001-wet floor\Positive\istockphoto-1991535636-640_adpp_is.mp4,SC-FAL-001-wet floor,istockphoto-1991535636-640_adpp_is.mp4,.mp4,11.68,59.94,768,432,700,0.56,cffc1a489ba3a97d695ba38d92b874e5d6f582e6642cfc0bf89fa3bf164acfe8,SC-FAL-001,POSITIVE,,pending,False,False,,
SC-FAL-001_p015,SC-FAL-001-wet floor\Positive\istockphoto-2152561806-640_adpp_is.mp4,SC-FAL-001-wet floor,istockphoto-2152561806-640_adpp_is.mp4,.mp4,27.72,25.0,768,432,693,2.83,0f2ae2850522a1f980fcdd2343acf6a44f27ef080592a5f6ee0dc08b65a90a53,SC-FAL-001,POSITIVE,,pending,False,False,,
SC-FAL-001_p016,SC-FAL-001-wet floor\Positive\istockphoto-2158713893-640_adpp_is.mp4,SC-FAL-001-wet floor,istockphoto-2158713893-640_adpp_is.mp4,.mp4,28.86,23.98,768,432,692,4.66,aaa53f21f8b38d937adc4ff19be28d6295c2959ad44897c222c3251ca3667f16,SC-FAL-001,POSITIVE,,pending,False,False,,
SC-FAL-001_p017,SC-FAL-001-wet floor\Positive\istockphoto-2198808031-640_adpp_is.mp4,SC-FAL-001-wet floor,istockphoto-2198808031-640_adpp_is.mp4,.mp4,8.51,29.97,768,432,255,0.36,01f9b3bc5c94e8efb0452505d0950a86249dff90096d0ceb1524d56a1344245b,SC-FAL-001,POSITIVE,,pending,False,False,,
SC-FAL-001_p018,SC-FAL-001-wet floor\Positive\istockphoto-2211081568-640_adpp_is.mp4,SC-FAL-001-wet floor,istockphoto-2211081568-640_adpp_is.mp4,.mp4,10.03,29.97,768,432,300,0.5,88b4e70f983c78ff13953324a8c60179eefc4724cb51f259aca556a74fa9fbbd,SC-FAL-001,POSITIVE,,pending,False,False,,
SC-FAL-001_p019,SC-FAL-001-wet floor\Positive\istockphoto-2233778626-640_adpp_is.mp4,SC-FAL-001-wet floor,istockphoto-2233778626-640_adpp_is.mp4,.mp4,7.16,25.0,768,432,179,0.12,df48ba33ae13627d8fed419cde4b2ad4160be4dc0078e84329e3559edd361d81,SC-FAL-001,POSITIVE,,pending,False,False,,
SC-FAL-001_p020,SC-FAL-001-wet floor\Positive\istockphoto-2236616984-640_adpp_is.mp4,SC-FAL-001-wet floor,istockphoto-2236616984-640_adpp_is.mp4,.mp4,9.88,25.0,768,432,247,0.7,aedc5059a589d727d4f4cffe0ace2355fcdea1f3164e82117145b14ee207a360,SC-FAL-001,POSITIVE,,pending,False,False,,
SC-FAL-001_p021,SC-FAL-001-wet floor\Positive\istockphoto-2279143875-640_adpp_is.mp4,SC-FAL-001-wet floor,istockphoto-2279143875-640_adpp_is.mp4,.mp4,11.54,25.0,768,432,288,1.02,c540b758b6d790c7f8a63756339793d39fbcf7f0bfce0c6b89083dc01155d655,SC-FAL-001,POSITIVE,,pending,False,False,,
SC-FAL-001_p022,SC-FAL-001-wet floor\Positive\istockphoto-596394748-640_adpp_is.mp4,SC-FAL-001-wet floor,istockphoto-596394748-640_adpp_is.mp4,.mp4,29.75,24.0,768,432,714,1.49,1364265bf19bdc54b0eb94b819fc2882a4dcffb77d28d33feb4c7221486a720f,SC-FAL-001,POSITIVE,,pending,False,False,,
SC-FAL-001_p023,SC-FAL-001-wet floor\Positive\istockphoto-596397012-640_adpp_is.mp4,SC-FAL-001-wet floor,istockphoto-596397012-640_adpp_is.mp4,.mp4,29.38,24.0,768,432,705,2.36,b91e7c557037692297b9b5190c8d638309c06654da20fa32c5944c0111709df0,SC-FAL-001,POSITIVE,,pending,False,False,,
SC-HOM-001_e001,SC-HOM-001-Person + Chair\Edge\istockphoto-1388745694-640_adpp_is.mp4,SC-HOM-001-Person + Chair,istockphoto-1388745694-640_adpp_is.mp4,.mp4,11.88,25.0,768,432,297,0.7,b6cd3727d5f60609c33cf774af0497bc949ec65194d14d0b0ddb2b9e1608397a,SC-HOM-001,EDGE,,pending,False,False,,
SC-HOM-001_e002,SC-HOM-001-Person + Chair\Edge\istockphoto-626889988-640_adpp_is.mp4,SC-HOM-001-Person + Chair,istockphoto-626889988-640_adpp_is.mp4,.mp4,11.5,24.0,768,432,276,1.14,8163396a978c76613b4b9929a5397f1c789789a108b3f54527adfa1d6126baa0,SC-HOM-001,EDGE,,pending,False,False,,
SC-HOM-001_n001,SC-HOM-001-Person + Chair\Negative\istockphoto-1436378050-640_adpp_is.mp4,SC-HOM-001-Person + Chair,istockphoto-1436378050-640_adpp_is.mp4,.mp4,11.42,24.0,768,432,274,0.82,68da104be373749cac0e43d891d5268876af69cba03d4d1bbb15a27d943c8d4b,SC-HOM-001,NEGATIVE,,pending,False,False,,
SC-HOM-001_n002,SC-HOM-001-Person + Chair\Negative\istockphoto-2199386243-640_adpp_is.mp4,SC-HOM-001-Person + Chair,istockphoto-2199386243-640_adpp_is.mp4,.mp4,10.88,29.97,768,432,326,0.77,7c158df520688b06d16ff1cdaefbbdcac20cc361209562f31516d2a41af29aec,SC-HOM-001,NEGATIVE,,pending,False,False,,
SC-HOM-001_p001,SC-HOM-001-Person + Chair\Positive\istockphoto-1164869272-640_adpp_is.mp4,SC-HOM-001-Person + Chair,istockphoto-1164869272-640_adpp_is.mp4,.mp4,19.18,24.0,768,432,460,1.52,54fe76a1907f49a849b6cce0916ade85b81f3428c8cfba64c2aa11ef039fdc14,SC-HOM-001,POSITIVE,,pending,False,False,,
SC-HOM-001_p002,SC-HOM-001-Person + Chair\Positive\istockphoto-1179243763-640_adpp_is.mp4,SC-HOM-001-Person + Chair,istockphoto-1179243763-640_adpp_is.mp4,.mp4,15.12,25.0,768,432,378,0.63,38cb375998f52b126ffc133f719a4c2da990c9565d1a1e1b1728ef182e2392c7,SC-HOM-001,POSITIVE,,pending,False,False,,
SC-HOM-001_p003,SC-HOM-001-Person + Chair\Positive\istockphoto-1201578837-640_adpp_is.mp4,SC-HOM-001-Person + Chair,istockphoto-1201578837-640_adpp_is.mp4,.mp4,22.2,25.0,768,432,555,1.11,fc77d541a7230b058cc2b468395638f0fc75c829a8ee175bed1fddb01da87f9f,SC-HOM-001,POSITIVE,,pending,False,False,,
SC-HOM-001_p004,SC-HOM-001-Person + Chair\Positive\istockphoto-1251171006-640_adpp_is.mp4,SC-HOM-001-Person + Chair,istockphoto-1251171006-640_adpp_is.mp4,.mp4,6.01,29.97,768,432,180,0.84,0fa9c176d73590da2948a1a735817eea08872d085e32591c1be0be3f3edd03f3,SC-HOM-001,POSITIVE,,pending,False,False,,
SC-HOM-001_p005,SC-HOM-001-Person + Chair\Positive\istockphoto-1253402895-640_adpp_is.mp4,SC-HOM-001-Person + Chair,istockphoto-1253402895-640_adpp_is.mp4,.mp4,6.51,29.97,768,432,195,0.5,0b8270abc20ae7f52a56df193394c3507b4997e85046fe847f1c42daa42b9ffe,SC-HOM-001,POSITIVE,,pending,False,False,,
SC-HOM-001_p006,SC-HOM-001-Person + Chair\Positive\istockphoto-1341811434-640_adpp_is.mp4,SC-HOM-001-Person + Chair,istockphoto-1341811434-640_adpp_is.mp4,.mp4,18.55,29.97,768,432,556,1.52,9800df79b2b72a76fd373a4254f5c5c73bb4586b6213c6052560805df434dc3d,SC-HOM-001,POSITIVE,,pending,False,False,,
SC-HOM-001_p007,SC-HOM-001-Person + Chair\Positive\istockphoto-1353634948-640_adpp_is.mp4,SC-HOM-001-Person + Chair,istockphoto-1353634948-640_adpp_is.mp4,.mp4,10.44,29.97,768,432,313,1.15,b4e132a255060ccef057709e32ad62a2bca3c434b3b7bf321c7c66fa3077a460,SC-HOM-001,POSITIVE,,pending,False,False,,
SC-HOM-001_p008,SC-HOM-001-Person + Chair\Positive\istockphoto-1484085537-640_adpp_is.mp4,SC-HOM-001-Person + Chair,istockphoto-1484085537-640_adpp_is.mp4,.mp4,14.76,23.98,768,432,354,1.45,9e05fae755a06f542878f895bcaf78346d8b2310b9e4e735feb3e43964435409,SC-HOM-001,POSITIVE,,pending,False,False,,
SC-HOM-001_p009,SC-HOM-001-Person + Chair\Positive\istockphoto-1484085572-640_adpp_is.mp4,SC-HOM-001-Person + Chair,istockphoto-1484085572-640_adpp_is.mp4,.mp4,19.52,23.98,768,432,468,1.25,a2dc440d75b5613b2bfa8e9d218d35248f4af5a6bd77299df1f284943dbba955,SC-HOM-001,POSITIVE,,pending,False,False,,
SC-HOM-001_p010,SC-HOM-001-Person + Chair\Positive\istockphoto-1500064943-640_adpp_is.mp4,SC-HOM-001-Person + Chair,istockphoto-1500064943-640_adpp_is.mp4,.mp4,8.51,29.97,768,432,255,0.55,e2e64eddf8ec94942d5bd9837da955ae3b98e1c36b24b12fa3a76c6ec5b73d99,SC-HOM-001,POSITIVE,,pending,False,False,,
SC-HOM-001_p011,SC-HOM-001-Person + Chair\Positive\istockphoto-1565416803-640_adpp_is.mp4,SC-HOM-001-Person + Chair,istockphoto-1565416803-640_adpp_is.mp4,.mp4,21.0,25.0,768,432,525,0.33,aae3cb729e57aba8fb8d163aee8e0fc217b3fdcf153cc20c0a5ba7f7e2c46649,SC-HOM-001,POSITIVE,,pending,False,False,,
SC-HOM-001_p012,SC-HOM-001-Person + Chair\Positive\istockphoto-1746368136-640_adpp_is.mp4,SC-HOM-001-Person + Chair,istockphoto-1746368136-640_adpp_is.mp4,.mp4,19.36,25.0,768,432,484,0.89,22487fe336f4abb57a953c70b3ef4f94af44db257b0baa4186a54741b7b65b59,SC-HOM-001,POSITIVE,,pending,False,False,,
SC-HOM-001_p013,SC-HOM-001-Person + Chair\Positive\istockphoto-1798743695-640_adpp_is.mp4,SC-HOM-001-Person + Chair,istockphoto-1798743695-640_adpp_is.mp4,.mp4,18.0,25.0,768,432,450,5.44,a18f008b7dfa49805637f4fde74f2496f371f687950028e74064ac95278c999c,SC-HOM-001,POSITIVE,,pending,False,False,,
SC-HOM-001_p014,SC-HOM-001-Person + Chair\Positive\istockphoto-1896168726-640_adpp_is.mp4,SC-HOM-001-Person + Chair,istockphoto-1896168726-640_adpp_is.mp4,.mp4,17.73,50.0,768,432,886,2.29,ac82af39ea892b296360e81207fb0cc6ab13cc720cc208b0b9021f3eed3b65f0,SC-HOM-001,POSITIVE,,pending,False,False,,
SC-HOM-001_p015,SC-HOM-001-Person + Chair\Positive\istockphoto-1945777816-640_adpp_is.mp4,SC-HOM-001-Person + Chair,istockphoto-1945777816-640_adpp_is.mp4,.mp4,11.76,25.0,768,432,294,0.19,f37018887fe9a59bd7e5852eca0a9c313bd400f91f6f74f188a5e284c7758b99,SC-HOM-001,POSITIVE,,pending,False,False,,
SC-HOM-001_p016,SC-HOM-001-Person + Chair\Positive\istockphoto-2152543480-640_adpp_is.mp4,SC-HOM-001-Person + Chair,istockphoto-2152543480-640_adpp_is.mp4,.mp4,29.2,29.97,768,432,875,1.96,309fb87eeef7335c3295a6330a7549ae600e59138c0ad6d89807730e2cfcb57f,SC-HOM-001,POSITIVE,,pending,False,False,,
SC-HOM-001_p017,SC-HOM-001-Person + Chair\Positive\istockphoto-2184949996-640_adpp_is.mp4,SC-HOM-001-Person + Chair,istockphoto-2184949996-640_adpp_is.mp4,.mp4,16.36,25.0,768,432,409,0.6,fb93369dd2218eac3fea2821e76bbedacea08ce643ae128fdcc07e1c831e9835,SC-HOM-001,POSITIVE,,pending,False,False,,
SC-HOM-001_p018,SC-HOM-001-Person + Chair\Positive\istockphoto-2187100211-640_adpp_is.mp4,SC-HOM-001-Person + Chair,istockphoto-2187100211-640_adpp_is.mp4,.mp4,10.0,25.0,768,432,250,0.68,7a7441b8c822637e887f84501e5530240a2609363bd28d01cd7bd658679cead2,SC-HOM-001,POSITIVE,,pending,False,False,,
SC-HOM-001_p019,SC-HOM-001-Person + Chair\Positive\istockphoto-2234526313-640_adpp_is.mp4,SC-HOM-001-Person + Chair,istockphoto-2234526313-640_adpp_is.mp4,.mp4,20.04,25.0,432,768,501,0.43,a094066ba777552bb215f9eb1a64a581c4140de19ec8c75031701ddcdcb7f4b3,SC-HOM-001,POSITIVE,,pending,False,False,,
SC-HOM-001_p020,SC-HOM-001-Person + Chair\Positive\istockphoto-2252405672-640_adpp_is.mp4,SC-HOM-001-Person + Chair,istockphoto-2252405672-640_adpp_is.mp4,.mp4,22.6,25.0,768,432,565,0.53,9d78858f82d57142614a3fb592af73a3a4568c8d2aa16e471cccaddc18aab6c8,SC-HOM-001,POSITIVE,,pending,False,False,,
SC-HOM-001_p021,SC-HOM-001-Person + Chair\Positive\istockphoto-2263996322-640_adpp_is.mp4,SC-HOM-001-Person + Chair,istockphoto-2263996322-640_adpp_is.mp4,.mp4,16.8,25.0,768,432,420,1.29,77b6a92f5065c52e742c3bde7ae3b93ed316cd2cb654969f9a8d494e79150587,SC-HOM-001,POSITIVE,,pending,False,False,,
SC-HOM-002_e001,SC-HOM-002-Person + Door\Edge\istockphoto-1403994498-640_adpp_is.mp4,SC-HOM-002-Person + Door,istockphoto-1403994498-640_adpp_is.mp4,.mp4,18.04,25.0,768,432,451,1.25,2d6e83c0cdc273a4f5e35c12124cbae4f3850a99d7fcf6d79f83f22dbdaadb22,SC-HOM-002,EDGE,,pending,False,False,,
SC-HOM-002_e002,SC-HOM-002-Person + Door\Edge\istockphoto-1462413423-640_adpp_is.mp4,SC-HOM-002-Person + Door,istockphoto-1462413423-640_adpp_is.mp4,.mp4,14.04,25.0,768,432,351,0.38,22fcdcd475c20337f3d65ba97af77f2fb6f6287026734532c02cd6616eae2673,SC-HOM-002,EDGE,,pending,False,False,,
SC-HOM-002_n001,SC-HOM-002-Person + Door\Negative\istockphoto-1403994498-640_adpp_is.mp4,SC-HOM-002-Person + Door,istockphoto-1403994498-640_adpp_is.mp4,.mp4,18.04,25.0,768,432,451,1.25,2d6e83c0cdc273a4f5e35c12124cbae4f3850a99d7fcf6d79f83f22dbdaadb22,SC-HOM-002,NEGATIVE,,pending,False,True,SC-HOM-002_e001,
SC-HOM-002_n002,SC-HOM-002-Person + Door\Negative\istockphoto-1462413423-640_adpp_is.mp4,SC-HOM-002-Person + Door,istockphoto-1462413423-640_adpp_is.mp4,.mp4,14.04,25.0,768,432,351,0.38,22fcdcd475c20337f3d65ba97af77f2fb6f6287026734532c02cd6616eae2673,SC-HOM-002,NEGATIVE,,pending,False,True,SC-HOM-002_e002,
SC-HOM-002_n003,SC-HOM-002-Person + Door\Negative\istockphoto-2177560282-640_adpp_is.mp4,SC-HOM-002-Person + Door,istockphoto-2177560282-640_adpp_is.mp4,.mp4,12.58,29.97,768,432,377,0.89,dbaab322464cd16372ff9a799f0b245da51b368666eca0680280badf0f886aca,SC-HOM-002,NEGATIVE,,pending,False,False,,
SC-HOM-002_p001,SC-HOM-002-Person + Door\Positive\istockphoto-1033854010-640_adpp_is.mp4,SC-HOM-002-Person + Door,istockphoto-1033854010-640_adpp_is.mp4,.mp4,9.5,30.0,768,432,285,0.41,f88d2ad7a3543e5a27e91bb6b6b2da4e84e5f5041410c362152fb6b3adbced83,SC-HOM-002,POSITIVE,,pending,False,False,,
SC-HOM-002_p002,SC-HOM-002-Person + Door\Positive\istockphoto-1171420793-640_adpp_is.mp4,SC-HOM-002-Person + Door,istockphoto-1171420793-640_adpp_is.mp4,.mp4,12.68,29.97,768,432,380,1.51,654d47d508055c3822517a1483790571734aae9e31540e30a376f275d1decd50,SC-HOM-002,POSITIVE,,pending,False,False,,
SC-HOM-002_p003,SC-HOM-002-Person + Door\Positive\istockphoto-1177804818-640_adpp_is.mp4,SC-HOM-002-Person + Door,istockphoto-1177804818-640_adpp_is.mp4,.mp4,18.32,29.97,768,432,549,1.48,a3ae1cc2011f8de9506f45ad957359a88178aff1679414294aeba60464b650d4,SC-HOM-002,POSITIVE,,pending,False,False,,
SC-HOM-002_p004,SC-HOM-002-Person + Door\Positive\istockphoto-1191335526-640_adpp_is.mp4,SC-HOM-002-Person + Door,istockphoto-1191335526-640_adpp_is.mp4,.mp4,15.16,25.0,768,432,379,1.38,09e19c2d3756ca1023498e24e953b30e86a87d5cdf97b59429cf34a59b1dbfe9,SC-HOM-002,POSITIVE,,pending,False,False,,
SC-HOM-002_p005,SC-HOM-002-Person + Door\Positive\istockphoto-1285671706-640_adpp_is.mp4,SC-HOM-002-Person + Door,istockphoto-1285671706-640_adpp_is.mp4,.mp4,25.04,25.0,768,432,626,0.19,99ce38f2e7b67e99c6b37bb392fbf4db9eed841f963303466f966eb13cb29eaf,SC-HOM-002,POSITIVE,,pending,False,False,,
SC-HOM-002_p006,SC-HOM-002-Person + Door\Positive\istockphoto-1295494014-640_adpp_is.mp4,SC-HOM-002-Person + Door,istockphoto-1295494014-640_adpp_is.mp4,.mp4,14.04,25.0,768,432,351,0.54,b4f2ad09aa189afe90fa7c4d21a8d86038e522927656c4fc63e2ded06b7c0052,SC-HOM-002,POSITIVE,,pending,False,False,,
SC-HOM-002_p007,SC-HOM-002-Person + Door\Positive\istockphoto-1368533261-640_adpp_is.mp4,SC-HOM-002-Person + Door,istockphoto-1368533261-640_adpp_is.mp4,.mp4,13.28,25.0,768,432,332,0.77,eef8bd674056d81fdc98e819cb242d3b87cd6744b59cbb64c70a7bc785f6f497,SC-HOM-002,POSITIVE,,pending,False,False,,
SC-HOM-002_p008,SC-HOM-002-Person + Door\Positive\istockphoto-1402740538-640_adpp_is.mp4,SC-HOM-002-Person + Door,istockphoto-1402740538-640_adpp_is.mp4,.mp4,16.52,23.98,768,432,396,1.53,a8330cc0479f7000894e1991fb6417067fe373bdd51f5cedb7c888bac70a669e,SC-HOM-002,POSITIVE,,pending,False,False,,
SC-HOM-002_p009,SC-HOM-002-Person + Door\Positive\istockphoto-1448570403-640_adpp_is.mp4,SC-HOM-002-Person + Door,istockphoto-1448570403-640_adpp_is.mp4,.mp4,16.55,29.97,768,432,496,0.69,584d96024c9dbe12b38454c2894c16d91031e04ba9e55611aa9990ccc0cb0f16,SC-HOM-002,POSITIVE,,pending,False,False,,
SC-HOM-002_p010,SC-HOM-002-Person + Door\Positive\istockphoto-1459471423-640_adpp_is.mp4,SC-HOM-002-Person + Door,istockphoto-1459471423-640_adpp_is.mp4,.mp4,6.88,23.98,768,432,165,0.67,1279f9430aac35a79993eee1430a6fbae259c3ddad681d21aed9970179044e57,SC-HOM-002,POSITIVE,,pending,False,False,,
SC-HOM-002_p011,SC-HOM-002-Person + Door\Positive\istockphoto-1564872785-640_adpp_is.mp4,SC-HOM-002-Person + Door,istockphoto-1564872785-640_adpp_is.mp4,.mp4,24.62,29.97,768,432,738,1.87,294f83600b0ee2aa44bf032f71b113c1f6a1b060bea63e30c659d38aaf6b72dd,SC-HOM-002,POSITIVE,,pending,False,False,,
SC-HOM-002_p012,SC-HOM-002-Person + Door\Positive\istockphoto-1671898163-640_adpp_is.mp4,SC-HOM-002-Person + Door,istockphoto-1671898163-640_adpp_is.mp4,.mp4,19.62,29.97,768,432,588,1.24,67062988ebfd0024479cff99efc5d4aa83476d1f2a9b19d2ee678b9e8cb5931e,SC-HOM-002,POSITIVE,,pending,False,False,,
SC-HOM-002_p013,SC-HOM-002-Person + Door\Positive\istockphoto-1676266402-640_adpp_is.mp4,SC-HOM-002-Person + Door,istockphoto-1676266402-640_adpp_is.mp4,.mp4,11.12,25.0,768,432,278,0.55,a2607e34a054028e6aa661679bc217b557bb221b2ca6fcd75b3a19c05aa81101,SC-HOM-002,POSITIVE,,pending,False,False,,
SC-HOM-002_p014,SC-HOM-002-Person + Door\Positive\istockphoto-1772576361-640_adpp_is.mp4,SC-HOM-002-Person + Door,istockphoto-1772576361-640_adpp_is.mp4,.mp4,16.32,25.0,768,432,408,0.41,cc929f12f8a777b7659ccca588c2ac54a806040f08ab1e926f73dbbe70ec8f7e,SC-HOM-002,POSITIVE,,pending,False,False,,
SC-HOM-002_p015,SC-HOM-002-Person + Door\Positive\istockphoto-2168902205-640_adpp_is.mp4,SC-HOM-002-Person + Door,istockphoto-2168902205-640_adpp_is.mp4,.mp4,11.97,29.97,768,432,358,0.49,857d46f9f15f674a206d05b70c9d0a4ff217ab412e3d208c829a6a3aa569f695,SC-HOM-002,POSITIVE,,pending,False,False,,
SC-HOM-002_p016,SC-HOM-002-Person + Door\Positive\istockphoto-2206405708-640_adpp_is.mp4,SC-HOM-002-Person + Door,istockphoto-2206405708-640_adpp_is.mp4,.mp4,15.28,25.0,768,432,382,0.79,acbbfe33df0f1dbb7d02ee1603638add33a28b422b69554e0c22a52d706184f2,SC-HOM-002,POSITIVE,,pending,False,False,,
SC-HOM-002_p017,SC-HOM-002-Person + Door\Positive\istockphoto-2239059277-640_adpp_is.mp4,SC-HOM-002-Person + Door,istockphoto-2239059277-640_adpp_is.mp4,.mp4,10.32,50.0,768,432,516,2.05,b4ca17d41e99fc855630c6fe1ca5c87a3e49cd639540ad5e3944ce553c8babd6,SC-HOM-002,POSITIVE,,pending,False,False,,
SC-HOM-002_p018,SC-HOM-002-Person + Door\Positive\istockphoto-2242609212-640_adpp_is.mp4,SC-HOM-002-Person + Door,istockphoto-2242609212-640_adpp_is.mp4,.mp4,27.28,25.0,768,432,682,2.48,9f3e73fc22c8038dab321c4bee572415f55ef6e383e5f9617ad93da78aa7b753,SC-HOM-002,POSITIVE,,pending,False,False,,
SC-HOM-002_p019,SC-HOM-002-Person + Door\Positive\istockphoto-2245467977-640_adpp_is.mp4,SC-HOM-002-Person + Door,istockphoto-2245467977-640_adpp_is.mp4,.mp4,11.12,25.0,768,432,278,0.68,64605969839a3b828fabfbf31bbe1f37082de3765ceabdf20cb958e7573a1e45,SC-HOM-002,POSITIVE,,pending,False,False,,
SC-HOM-002_p020,SC-HOM-002-Person + Door\Positive\istockphoto-2248763495-640_adpp_is.mp4,SC-HOM-002-Person + Door,istockphoto-2248763495-640_adpp_is.mp4,.mp4,16.08,25.0,768,432,402,0.44,d64ca34fb91ab9abd8b14bed677e62cdae65dc8062d2e0a74703cf39783c09b7,SC-HOM-002,POSITIVE,,pending,False,False,,
SC-HOM-003_e001,SC-HOM-003-Person + Cupboard\Edge\istockphoto-1692671623-640_adpp_is.mp4,SC-HOM-003-Person + Cupboard,istockphoto-1692671623-640_adpp_is.mp4,.mp4,8.0,59.94,768,432,477,0.59,c3e93296145cd67708d2ff36611ce02736099237d82c0cc37cf3321804ce09c4,SC-HOM-003,EDGE,,pending,False,False,,
SC-HOM-003_e002,SC-HOM-003-Person + Cupboard\Edge\istockphoto-2165242201-640_adpp_is.mp4,SC-HOM-003-Person + Cupboard,istockphoto-2165242201-640_adpp_is.mp4,.mp4,15.08,25.0,768,432,377,1.24,2f3cd49616cdcd9d9a6fa055af3cca7f9982c52ee0b5c1146db3e49ae0508ac9,SC-HOM-003,EDGE,,pending,False,False,,
SC-HOM-003_n001,SC-HOM-003-Person + Cupboard\Negative\istockphoto-2001191442-640_adpp_is.mp4,SC-HOM-003-Person + Cupboard,istockphoto-2001191442-640_adpp_is.mp4,.mp4,26.94,23.98,768,432,646,1.71,09060d6cf40c0c3ef2078c508fca0e3bdcc056649effee19fc5696fc10ffc23c,SC-HOM-003,NEGATIVE,,pending,False,False,,
SC-HOM-003_n002,SC-HOM-003-Person + Cupboard\Negative\istockphoto-2201491568-640_adpp_is.mp4,SC-HOM-003-Person + Cupboard,istockphoto-2201491568-640_adpp_is.mp4,.mp4,10.12,25.0,768,432,253,0.84,b8761355ff3d91a9f0e525f368ea10ae6a09f9eb437052aaf571b1e96793ff3b,SC-HOM-003,NEGATIVE,,pending,False,False,,
SC-HOM-003_p001,SC-HOM-003-Person + Cupboard\Positive\istockphoto-1164621057-640_adpp_is.mp4,SC-HOM-003-Person + Cupboard,istockphoto-1164621057-640_adpp_is.mp4,.mp4,15.05,29.97,768,432,451,0.82,31bab591b503e5d1e2d186cf046572c69493f966a0e695eb9cb7d627e7b4373e,SC-HOM-003,POSITIVE,,pending,False,False,,
SC-HOM-003_p002,SC-HOM-003-Person + Cupboard\Positive\istockphoto-1187668528-640_adpp_is.mp4,SC-HOM-003-Person + Cupboard,istockphoto-1187668528-640_adpp_is.mp4,.mp4,14.08,25.0,768,432,352,0.67,3e015adcf48ded090c2a008567c3f945a5a4edc4e92824b890162d3c0898c8a7,SC-HOM-003,POSITIVE,,pending,False,False,,
SC-HOM-003_p003,SC-HOM-003-Person + Cupboard\Positive\istockphoto-1193697666-640_adpp_is.mp4,SC-HOM-003-Person + Cupboard,istockphoto-1193697666-640_adpp_is.mp4,.mp4,12.76,25.0,768,432,319,0.96,4c66b36b82e24560b73770b4a326751b6c9a1831bed94fdb9288b0ee456c8b18,SC-HOM-003,POSITIVE,,pending,False,False,,
SC-HOM-003_p004,SC-HOM-003-Person + Cupboard\Positive\istockphoto-1299146726-640_adpp_is.mp4,SC-HOM-003-Person + Cupboard,istockphoto-1299146726-640_adpp_is.mp4,.mp4,22.96,24.0,768,432,551,1.18,94ff82c2cd9acd6004cbb0d224ab62b6d65b9b5b71a38fe5df06db0a3657b484,SC-HOM-003,POSITIVE,,pending,False,False,,
SC-HOM-003_p005,SC-HOM-003-Person + Cupboard\Positive\istockphoto-1316916896-640_adpp_is.mp4,SC-HOM-003-Person + Cupboard,istockphoto-1316916896-640_adpp_is.mp4,.mp4,18.5,50.0,768,432,925,1.09,df3ab2f5352d32e7e9bc861e1a4d1be3f11d981004102ff63226bc09cb0f78ee,SC-HOM-003,POSITIVE,,pending,False,False,,
SC-HOM-003_p006,SC-HOM-003-Person + Cupboard\Positive\istockphoto-1316924436-640_adpp_is.mp4,SC-HOM-003-Person + Cupboard,istockphoto-1316924436-640_adpp_is.mp4,.mp4,11.82,50.0,768,432,591,0.65,5588b9c6b1cf7109bf9aa17cb37d79307cd739897c8429f574866a1df746ed91,SC-HOM-003,POSITIVE,,pending,False,False,,
SC-HOM-003_p007,SC-HOM-003-Person + Cupboard\Positive\istockphoto-1404546241-640_adpp_is.mp4,SC-HOM-003-Person + Cupboard,istockphoto-1404546241-640_adpp_is.mp4,.mp4,8.08,25.0,768,432,202,0.34,da7a82c028fcfcdd03f9afb404660965e3d6530a46e28c1ab3fc06b21f456cca,SC-HOM-003,POSITIVE,,pending,False,False,,
SC-HOM-003_p008,SC-HOM-003-Person + Cupboard\Positive\istockphoto-1404546262-640_adpp_is.mp4,SC-HOM-003-Person + Cupboard,istockphoto-1404546262-640_adpp_is.mp4,.mp4,17.72,25.0,768,432,443,0.87,a9d9cbaa72b7251c07323261305ea0946ef368e5ffa0f887849db85d46102c6a,SC-HOM-003,POSITIVE,,pending,False,False,,
SC-HOM-003_p009,SC-HOM-003-Person + Cupboard\Positive\istockphoto-1473747405-640_adpp_is.mp4,SC-HOM-003-Person + Cupboard,istockphoto-1473747405-640_adpp_is.mp4,.mp4,6.24,25.0,768,432,156,0.34,e86888649deeb65f0ce429ca788c84f827c3afa6757cb4f2d126dbb2d4673cc5,SC-HOM-003,POSITIVE,,pending,False,False,,
SC-HOM-003_p010,SC-HOM-003-Person + Cupboard\Positive\istockphoto-1477326800-640_adpp_is.mp4,SC-HOM-003-Person + Cupboard,istockphoto-1477326800-640_adpp_is.mp4,.mp4,54.72,23.98,768,432,1312,5.51,a8626f0f245f4ef661e4f22e5ffaac9f571e45f0cda5d3dbae03c0001bb07bc5,SC-HOM-003,POSITIVE,,pending,False,False,,
SC-HOM-003_p011,SC-HOM-003-Person + Cupboard\Positive\istockphoto-1484745682-640_adpp_is.mp4,SC-HOM-003-Person + Cupboard,istockphoto-1484745682-640_adpp_is.mp4,.mp4,18.77,30.0,768,432,563,1.68,25a9db02439cc1670123b71cf66358472a47c24f4753aa7a0f33bbdc6f9f9f42,SC-HOM-003,POSITIVE,,pending,False,False,,
SC-HOM-003_p012,SC-HOM-003-Person + Cupboard\Positive\istockphoto-1836705968-640_adpp_is.mp4,SC-HOM-003-Person + Cupboard,istockphoto-1836705968-640_adpp_is.mp4,.mp4,42.3,23.98,768,432,1014,3.67,236c968a6d391b6bcdbfde600b342bab1670a0e84a58b45926f4682c6e8de3bb,SC-HOM-003,POSITIVE,,pending,False,False,,
SC-HOM-003_p013,SC-HOM-003-Person + Cupboard\Positive\istockphoto-1874400719-640_adpp_is.mp4,SC-HOM-003-Person + Cupboard,istockphoto-1874400719-640_adpp_is.mp4,.mp4,10.52,25.0,768,432,263,0.15,4ae5e8ad100d5ece93cc95308771dba84fb0d7f5da862c2cab4a9750935cf434,SC-HOM-003,POSITIVE,,pending,False,False,,
SC-HOM-003_p014,SC-HOM-003-Person + Cupboard\Positive\istockphoto-2001229814-640_adpp_is.mp4,SC-HOM-003-Person + Cupboard,istockphoto-2001229814-640_adpp_is.mp4,.mp4,21.65,23.98,768,432,519,1.93,e9d4a40c897d7b6640459919be0c09d9d38d7ec1c928c9885a757844e1469b4c,SC-HOM-003,POSITIVE,,pending,False,False,,
SC-HOM-003_p015,SC-HOM-003-Person + Cupboard\Positive\istockphoto-2042714016-640_adpp_is.mp4,SC-HOM-003-Person + Cupboard,istockphoto-2042714016-640_adpp_is.mp4,.mp4,11.42,50.0,768,432,571,1.13,83f4a9eb8957204adeb055b0864c8c688a47a016869ab292e14624b2c580e22b,SC-HOM-003,POSITIVE,,pending,False,False,,
SC-HOM-003_p016,SC-HOM-003-Person + Cupboard\Positive\istockphoto-2154979254-640_adpp_is.mp4,SC-HOM-003-Person + Cupboard,istockphoto-2154979254-640_adpp_is.mp4,.mp4,6.2,25.0,768,432,155,0.34,e88cbf02b94e6f089e7eb22a113279e603da63c6c94b42e699b3531d60ae49c0,SC-HOM-003,POSITIVE,,pending,False,False,,
SC-HOM-003_p017,SC-HOM-003-Person + Cupboard\Positive\istockphoto-2191921527-640_adpp_is.mp4,SC-HOM-003-Person + Cupboard,istockphoto-2191921527-640_adpp_is.mp4,.mp4,8.28,50.0,768,432,413,0.7,883d96f387ecc128e4c1e93701509d5ec6c10ec169c1510d8884cf109c815f88,SC-HOM-003,POSITIVE,,pending,False,False,,
SC-HOM-003_p018,SC-HOM-003-Person + Cupboard\Positive\istockphoto-2229976503-640_adpp_is.mp4,SC-HOM-003-Person + Cupboard,istockphoto-2229976503-640_adpp_is.mp4,.mp4,11.6,25.0,768,432,290,0.94,f0baf76ec9dc1848d22c4f9ab1a88fe8804c49512802805613f54fc3a01a791f,SC-HOM-003,POSITIVE,,pending,False,False,,
SC-HOM-003_p019,SC-HOM-003-Person + Cupboard\Positive\istockphoto-2240980520-640_adpp_is.mp4,SC-HOM-003-Person + Cupboard,istockphoto-2240980520-640_adpp_is.mp4,.mp4,12.35,29.97,768,432,370,0.67,beed68b0e06b3c6050cd6311d0d5c8cee5794e23636bbf4e4f1f29da5f38f14d,SC-HOM-003,POSITIVE,,pending,False,False,,
SC-HOM-003_p020,SC-HOM-003-Person + Cupboard\Positive\istockphoto-475343223-640_adpp_is.mp4,SC-HOM-003-Person + Cupboard,istockphoto-475343223-640_adpp_is.mp4,.mp4,24.89,29.97,768,432,746,1.75,f9340b90d71602b1ef4864086c4f1ff9c70662e5fc6fef387a3e4cb4ea997a9b,SC-HOM-003,POSITIVE,,pending,False,False,,
SC-HOM-004_e001,SC-HOM-004-Person + Laptop\Edge\istockphoto-1423666497-640_adpp_is.mp4,SC-HOM-004-Person + Laptop,istockphoto-1423666497-640_adpp_is.mp4,.mp4,10.68,23.98,768,432,256,0.53,9ccdc65949a65764e29aa28c86ea5dcdc1d7e016d0caace27f6d08074cdd9ffe,SC-HOM-004,EDGE,,pending,False,False,,
SC-HOM-004_e002,SC-HOM-004-Person + Laptop\Edge\istockphoto-1664531931-640_adpp_is.mp4,SC-HOM-004-Person + Laptop,istockphoto-1664531931-640_adpp_is.mp4,.mp4,18.6,25.0,768,432,465,1.0,afa6a56229d9b0436a5c9d42efd2d5aa3c3ce16076315f8819942973f8cdf06f,SC-HOM-004,EDGE,,pending,False,False,,
SC-HOM-004_n001,SC-HOM-004-Person + Laptop\Negative\istockphoto-1692671623-640_adpp_is.mp4,SC-HOM-004-Person + Laptop,istockphoto-1692671623-640_adpp_is.mp4,.mp4,8.0,59.94,768,432,477,0.59,c3e93296145cd67708d2ff36611ce02736099237d82c0cc37cf3321804ce09c4,SC-HOM-004,NEGATIVE,,pending,False,True,SC-HOM-003_e001,
SC-HOM-004_n002,SC-HOM-004-Person + Laptop\Negative\istockphoto-1922356243-640_adpp_is.mp4,SC-HOM-004-Person + Laptop,istockphoto-1922356243-640_adpp_is.mp4,.mp4,16.17,25.0,768,432,404,0.53,2350e7e239682cba53a5e90b1d0ee1014593e8df4ebd37a2c6ab784f120b1a8d,SC-HOM-004,NEGATIVE,,pending,False,False,,
SC-HOM-004_n003,SC-HOM-004-Person + Laptop\Negative\istockphoto-2189212769-640_adpp_is.mp4,SC-HOM-004-Person + Laptop,istockphoto-2189212769-640_adpp_is.mp4,.mp4,6.88,25.0,768,432,172,0.48,b34b821e810a5f31529d796ae739422a603d98dd59db4d54f8c76e4d5ceff087,SC-HOM-004,NEGATIVE,,pending,False,False,,
SC-HOM-004_p001,SC-HOM-004-Person + Laptop\Positive\istockphoto-1206813738-640_adpp_is.mp4,SC-HOM-004-Person + Laptop,istockphoto-1206813738-640_adpp_is.mp4,.mp4,10.01,29.97,768,432,300,0.52,ce488ce3b527f71d5b0908d379644bfad437d89c3a1abfd879604ee318adc9f7,SC-HOM-004,POSITIVE,,pending,False,False,,
SC-HOM-004_p002,SC-HOM-004-Person + Laptop\Positive\istockphoto-1223141915-640_adpp_is.mp4,SC-HOM-004-Person + Laptop,istockphoto-1223141915-640_adpp_is.mp4,.mp4,15.55,29.97,768,432,466,0.93,895298ea7c505902f59b007b2fa7671f941a2de18ecd6102e85246be0f912dc6,SC-HOM-004,POSITIVE,,pending,False,False,,
SC-HOM-004_p003,SC-HOM-004-Person + Laptop\Positive\istockphoto-1262769309-640_adpp_is.mp4,SC-HOM-004-Person + Laptop,istockphoto-1262769309-640_adpp_is.mp4,.mp4,7.42,24.0,768,432,178,0.39,c50610c8f0b480c176a17f9554a553599aeeab80d36ea7d04d706885d407418a,SC-HOM-004,POSITIVE,,pending,False,False,,
SC-HOM-004_p004,SC-HOM-004-Person + Laptop\Positive\istockphoto-1287603409-640_adpp_is.mp4,SC-HOM-004-Person + Laptop,istockphoto-1287603409-640_adpp_is.mp4,.mp4,10.48,25.0,768,432,262,0.56,92ed1b010a097295423a3681fc66a28e14a9dd62c42581a4f11cdc12a206f26d,SC-HOM-004,POSITIVE,,pending,False,False,,
SC-HOM-004_p005,SC-HOM-004-Person + Laptop\Positive\istockphoto-1344029883-640_adpp_is.mp4,SC-HOM-004-Person + Laptop,istockphoto-1344029883-640_adpp_is.mp4,.mp4,27.49,23.98,768,432,659,0.76,d1668cde8c677551389ed78939a4bfbb99c65a21a6e44b21a1323f14693f8905,SC-HOM-004,POSITIVE,,pending,False,False,,
SC-HOM-004_p006,SC-HOM-004-Person + Laptop\Positive\istockphoto-1372365863-640_adpp_is.mp4,SC-HOM-004-Person + Laptop,istockphoto-1372365863-640_adpp_is.mp4,.mp4,12.18,29.97,768,432,365,0.6,c9d852ece3c233d39939f2af5d68315c6edd1407057166f9c8b1a2e5244e0021,SC-HOM-004,POSITIVE,,pending,False,False,,
SC-HOM-004_p007,SC-HOM-004-Person + Laptop\Positive\istockphoto-1384369489-640_adpp_is.mp4,SC-HOM-004-Person + Laptop,istockphoto-1384369489-640_adpp_is.mp4,.mp4,9.47,23.98,768,432,227,0.43,3ca9c830afb4465f174ef9414be40802e322148b253e27c804670066a97273e2,SC-HOM-004,POSITIVE,,pending,False,False,,
SC-HOM-004_p008,SC-HOM-004-Person + Laptop\Positive\istockphoto-1413549895-640_adpp_is.mp4,SC-HOM-004-Person + Laptop,istockphoto-1413549895-640_adpp_is.mp4,.mp4,11.96,24.0,768,432,287,0.39,72bfc92d57ed572b38fdb896e55a530ea1479dfa2e0e7344bfed4151b63a1148,SC-HOM-004,POSITIVE,,pending,False,False,,
SC-HOM-004_p009,SC-HOM-004-Person + Laptop\Positive\istockphoto-1433482302-640_adpp_is.mp4,SC-HOM-004-Person + Laptop,istockphoto-1433482302-640_adpp_is.mp4,.mp4,8.48,25.0,768,432,212,0.48,264cc314fab94bf545f8c5a6cae16a3fdf081681362ecb11d1031b2ccbd68faa,SC-HOM-004,POSITIVE,,pending,False,False,,
SC-HOM-004_p010,SC-HOM-004-Person + Laptop\Positive\istockphoto-1500506968-640_adpp_is.mp4,SC-HOM-004-Person + Laptop,istockphoto-1500506968-640_adpp_is.mp4,.mp4,16.64,25.0,768,432,416,0.99,9f9a36bf1baf9b0b1bc90793f9bb96a82841554993e576ab63bb9efcf15662b1,SC-HOM-004,POSITIVE,,pending,False,False,,
SC-HOM-004_p011,SC-HOM-004-Person + Laptop\Positive\istockphoto-1569368473-640_adpp_is.mp4,SC-HOM-004-Person + Laptop,istockphoto-1569368473-640_adpp_is.mp4,.mp4,13.0,25.0,768,432,325,0.59,2fd1d434d884beb6c17d0ff4a22e328f138827ffd6ceb6d95d2154cc2b604780,SC-HOM-004,POSITIVE,,pending,False,False,,
SC-HOM-004_p012,SC-HOM-004-Person + Laptop\Positive\istockphoto-1985020815-640_adpp_is.mp4,SC-HOM-004-Person + Laptop,istockphoto-1985020815-640_adpp_is.mp4,.mp4,8.41,29.97,768,432,252,0.42,c4e19fa96537ef0e3e8b89cb01036f18a8cf4abd9cf874c09c0b4bb32f26a7fc,SC-HOM-004,POSITIVE,,pending,False,False,,
SC-HOM-004_p013,SC-HOM-004-Person + Laptop\Positive\istockphoto-2104725724-640_adpp_is.mp4,SC-HOM-004-Person + Laptop,istockphoto-2104725724-640_adpp_is.mp4,.mp4,16.0,24.0,768,432,384,0.51,d24ea5f0bd66047151b1713ab9e6ee52cd75240be597a6fd9a797ce46093fe1c,SC-HOM-004,POSITIVE,,pending,False,False,,
SC-HOM-004_p014,SC-HOM-004-Person + Laptop\Positive\istockphoto-2112895796-640_adpp_is.mp4,SC-HOM-004-Person + Laptop,istockphoto-2112895796-640_adpp_is.mp4,.mp4,11.18,50.0,768,432,559,0.98,d533b5021daa762c0f285d340888d2d62ab7066932190fd0de3ae883037e5d81,SC-HOM-004,POSITIVE,,pending,False,False,,
SC-HOM-004_p015,SC-HOM-004-Person + Laptop\Positive\istockphoto-2147546337-640_adpp_is.mp4,SC-HOM-004-Person + Laptop,istockphoto-2147546337-640_adpp_is.mp4,.mp4,9.34,29.97,768,432,280,0.4,24a22cbf9ed8106148651a53cb1d59cb6902ea61e48cd93cde6c9b4e517529d5,SC-HOM-004,POSITIVE,,pending,False,False,,
SC-HOM-004_p016,SC-HOM-004-Person + Laptop\Positive\istockphoto-2147548151-640_adpp_is.mp4,SC-HOM-004-Person + Laptop,istockphoto-2147548151-640_adpp_is.mp4,.mp4,7.14,29.97,768,432,214,0.45,fd558055699c51fa11b7ed9a930bddcfb9b28e77dca5422b6242439289a2f631,SC-HOM-004,POSITIVE,,pending,False,False,,
SC-HOM-004_p017,SC-HOM-004-Person + Laptop\Positive\istockphoto-2150551360-640_adpp_is.mp4,SC-HOM-004-Person + Laptop,istockphoto-2150551360-640_adpp_is.mp4,.mp4,14.08,25.0,768,432,352,0.52,2b207a57ccad763f5487c0c147eb466d5e4a032bf19c197d9acddba3c1fd422f,SC-HOM-004,POSITIVE,,pending,False,False,,
SC-HOM-004_p018,SC-HOM-004-Person + Laptop\Positive\istockphoto-2157703628-640_adpp_is.mp4,SC-HOM-004-Person + Laptop,istockphoto-2157703628-640_adpp_is.mp4,.mp4,7.31,29.97,768,432,219,0.3,7f37b27bfbc4b1c5cbc016d52734011bdc08d5702ffa8548f5f42cf7305c9752,SC-HOM-004,POSITIVE,,pending,False,False,,
SC-HOM-004_p019,SC-HOM-004-Person + Laptop\Positive\istockphoto-2159202725-640_adpp_is.mp4,SC-HOM-004-Person + Laptop,istockphoto-2159202725-640_adpp_is.mp4,.mp4,15.44,25.0,768,432,386,0.68,b2aedd4f5cd20deea1234b5195faa0ac70425211998c6e1f14681138bd772ef9,SC-HOM-004,POSITIVE,,pending,False,False,,
SC-HOM-004_p020,SC-HOM-004-Person + Laptop\Positive\istockphoto-2199735916-640_adpp_is.mp4,SC-HOM-004-Person + Laptop,istockphoto-2199735916-640_adpp_is.mp4,.mp4,15.94,25.0,768,432,398,0.73,7887c94ce74ecb6f6cc446a8a02f513f4685758b1e4f529495bdf2827ca601a1,SC-HOM-004,POSITIVE,,pending,False,False,,
SC-HOM-004_p021,SC-HOM-004-Person + Laptop\Positive\istockphoto-2210049599-640_adpp_is.mp4,SC-HOM-004-Person + Laptop,istockphoto-2210049599-640_adpp_is.mp4,.mp4,10.72,25.0,768,432,268,0.59,fcab3ba989efe41c0d79def9367f82d9a3d2eefca2c5f4a727f2b6af77ae073b,SC-HOM-004,POSITIVE,,pending,False,False,,
SC-HOM-005_e001,SC-HOM-005-Person + TV\Edge\istockphoto-1168484576-640_adpp_is.mp4,SC-HOM-005-Person + TV,istockphoto-1168484576-640_adpp_is.mp4,.mp4,10.67,24.0,768,432,256,0.83,7e2d3f733aa9fd26675244f52a32eb2209ef5fcf9182f024b52bc05ce743f8d1,SC-HOM-005,EDGE,,pending,False,False,,
SC-HOM-005_e002,SC-HOM-005-Person + TV\Edge\istockphoto-2188891755-640_adpp_is.mp4,SC-HOM-005-Person + TV,istockphoto-2188891755-640_adpp_is.mp4,.mp4,34.4,29.97,768,432,1031,2.31,7c2d7da4cfaa5a7c21dd53bc49cb9edfe22924d81a006944bdc61106a5ca43ad,SC-HOM-005,EDGE,,pending,False,False,,
SC-HOM-005_e003,SC-HOM-005-Person + TV\Edge\istockphoto-626889988-640_adpp_is.mp4,SC-HOM-005-Person + TV,istockphoto-626889988-640_adpp_is.mp4,.mp4,11.5,24.0,768,432,276,1.14,8163396a978c76613b4b9929a5397f1c789789a108b3f54527adfa1d6126baa0,SC-HOM-005,EDGE,,pending,False,True,SC-HOM-001_e002,
SC-HOM-005_n001,SC-HOM-005-Person + TV\Negative\istockphoto-1500507054-640_adpp_is.mp4,SC-HOM-005-Person + TV,istockphoto-1500507054-640_adpp_is.mp4,.mp4,18.74,50.0,768,432,937,1.76,9871f1991c5011abfbc6fd6da11f25605bcc2821be2319b9f508fc66cdf88fdc,SC-HOM-005,NEGATIVE,,pending,False,False,,
SC-HOM-005_n002,SC-HOM-005-Person + TV\Negative\istockphoto-2161786459-640_adpp_is.mp4,SC-HOM-005-Person + TV,istockphoto-2161786459-640_adpp_is.mp4,.mp4,21.5,59.94,768,432,1287,1.45,49c699d28c42ee349f9d9ce0b512203dc8288a632a3b1302422e99b297edb1d4,SC-HOM-005,NEGATIVE,,pending,False,False,,
SC-HOM-005_p001,SC-HOM-005-Person + TV\Positive\istockphoto-1041667830-640_adpp_is.mp4,SC-HOM-005-Person + TV,istockphoto-1041667830-640_adpp_is.mp4,.mp4,14.44,25.0,768,432,361,1.51,59aeff747dd1ad89234199721707b5e1b36ca6ae48c553ea2421ca111dd9a32b,SC-HOM-005,POSITIVE,,pending,False,False,,
SC-HOM-005_p002,SC-HOM-005-Person + TV\Positive\istockphoto-1041669578-640_adpp_is.mp4,SC-HOM-005-Person + TV,istockphoto-1041669578-640_adpp_is.mp4,.mp4,26.05,25.0,768,432,651,1.51,90e28cd925789936dcf1257acdb9c7ab39a4e7a1e7919e1b218be499ff3f6681,SC-HOM-005,POSITIVE,,pending,False,False,,
SC-HOM-005_p003,SC-HOM-005-Person + TV\Positive\istockphoto-1295822324-640_adpp_is.mp4,SC-HOM-005-Person + TV,istockphoto-1295822324-640_adpp_is.mp4,.mp4,10.96,25.0,768,432,274,0.42,4594ac282125b66f296660837ea1cbfab27648d5efe95d12c3474a040437a9d1,SC-HOM-005,POSITIVE,,pending,False,False,,
SC-HOM-005_p004,SC-HOM-005-Person + TV\Positive\istockphoto-1322316340-640_adpp_is.mp4,SC-HOM-005-Person + TV,istockphoto-1322316340-640_adpp_is.mp4,.mp4,17.32,25.0,768,432,433,0.24,08bcab548addfb31d279346282aee95384b820e656dc76650172ddc384cd6908,SC-HOM-005,POSITIVE,,pending,False,False,,
SC-HOM-005_p005,SC-HOM-005-Person + TV\Positive\istockphoto-1326649384-640_adpp_is.mp4,SC-HOM-005-Person + TV,istockphoto-1326649384-640_adpp_is.mp4,.mp4,25.39,29.97,768,432,761,0.89,5ce903ad302fa75e397bd3a1b05e7d4792da320c31b173f0b312a557bbae835a,SC-HOM-005,POSITIVE,,pending,False,False,,
SC-HOM-005_p006,SC-HOM-005-Person + TV\Positive\istockphoto-1336769804-640_adpp_is.mp4,SC-HOM-005-Person + TV,istockphoto-1336769804-640_adpp_is.mp4,.mp4,22.72,25.0,768,432,568,1.74,528c44b5f3b8bbc918c91a686e423512ee485a16306b685e22ec42a6e67e23e8,SC-HOM-005,POSITIVE,,pending,False,False,,
SC-HOM-005_p007,SC-HOM-005-Person + TV\Positive\istockphoto-1353305967-640_adpp_is.mp4,SC-HOM-005-Person + TV,istockphoto-1353305967-640_adpp_is.mp4,.mp4,30.0,25.0,768,432,750,3.17,9aba07b08a5f76499a22b006babb3cefa25a4ce7583b5023c71bdae30479fc14,SC-HOM-005,POSITIVE,,pending,False,False,,
SC-HOM-005_p008,SC-HOM-005-Person + TV\Positive\istockphoto-1359108155-640_adpp_is.mp4,SC-HOM-005-Person + TV,istockphoto-1359108155-640_adpp_is.mp4,.mp4,18.24,25.0,768,432,456,1.01,b71c776c166fc8eccfc52986120d631ba253e01e516397e012b1167cb25d674d,SC-HOM-005,POSITIVE,,pending,False,False,,
SC-HOM-005_p009,SC-HOM-005-Person + TV\Positive\istockphoto-1362814188-640_adpp_is.mp4,SC-HOM-005-Person + TV,istockphoto-1362814188-640_adpp_is.mp4,.mp4,15.08,25.0,768,432,377,0.33,df3f3a937102a839fa6c59da624a95ba3e0ced16071c90a2b19e1be563b9fe40,SC-HOM-005,POSITIVE,,pending,False,False,,
SC-HOM-005_p010,SC-HOM-005-Person + TV\Positive\istockphoto-1402660865-640_adpp_is.mp4,SC-HOM-005-Person + TV,istockphoto-1402660865-640_adpp_is.mp4,.mp4,16.48,25.0,768,432,412,0.21,b85fc6ec1b6fa0f886574d4d483888ba350dd7350453bf4a3d17a49cc41abd79,SC-HOM-005,POSITIVE,,pending,False,False,,
SC-HOM-005_p011,SC-HOM-005-Person + TV\Positive\istockphoto-1408726031-640_adpp_is.mp4,SC-HOM-005-Person + TV,istockphoto-1408726031-640_adpp_is.mp4,.mp4,18.72,25.0,768,432,468,0.63,cb2e513c49b605d5c252a20ef5f456fe9726af21d6110b8c2f3d447db3824a60,SC-HOM-005,POSITIVE,,pending,False,False,,
SC-HOM-005_p012,SC-HOM-005-Person + TV\Positive\istockphoto-1408738579-640_adpp_is.mp4,SC-HOM-005-Person + TV,istockphoto-1408738579-640_adpp_is.mp4,.mp4,20.92,25.0,768,432,523,0.83,36a037434ac39b8ad2c19a4e9d4fdb006787f2b4db5ba828a6063b9e0c97411a,SC-HOM-005,POSITIVE,,pending,False,False,,
SC-HOM-005_p013,SC-HOM-005-Person + TV\Positive\istockphoto-1411414644-640_adpp_is.mp4,SC-HOM-005-Person + TV,istockphoto-1411414644-640_adpp_is.mp4,.mp4,15.84,25.0,768,432,396,1.01,ca40bd12e828e330f0b0c04724dbf41f62eba6dd6e3752d95d79e6e2ca239899,SC-HOM-005,POSITIVE,,pending,False,False,,
SC-HOM-005_p014,SC-HOM-005-Person + TV\Positive\istockphoto-1433467992-640_adpp_is.mp4,SC-HOM-005-Person + TV,istockphoto-1433467992-640_adpp_is.mp4,.mp4,17.76,25.0,768,432,444,1.19,fd2e8af1fc7576f675ca46413b577b6193bfb6df34b52c82c04022c7b809c657,SC-HOM-005,POSITIVE,,pending,False,False,,
SC-HOM-005_p015,SC-HOM-005-Person + TV\Positive\istockphoto-1447743969-640_adpp_is.mp4,SC-HOM-005-Person + TV,istockphoto-1447743969-640_adpp_is.mp4,.mp4,16.12,25.0,768,432,403,2.32,d14faa3fbba0207b5e9de6f3745eddf520102e894d9110c25aa1b4cf7406a15c,SC-HOM-005,POSITIVE,,pending,False,False,,
SC-HOM-005_p016,SC-HOM-005-Person + TV\Positive\istockphoto-1491283466-640_adpp_is.mp4,SC-HOM-005-Person + TV,istockphoto-1491283466-640_adpp_is.mp4,.mp4,9.96,25.0,768,432,249,0.15,827ab59408975fb623f59c034360def5307c02720387f25d461e5f4b03a14e92,SC-HOM-005,POSITIVE,,pending,False,False,,
SC-HOM-005_p017,SC-HOM-005-Person + TV\Positive\istockphoto-1938945457-640_adpp_is.mp4,SC-HOM-005-Person + TV,istockphoto-1938945457-640_adpp_is.mp4,.mp4,16.24,25.0,768,432,406,0.32,f403762954f183102d62ca0f53df5b6c0229a6e86c81526cdcd67d19f06997fd,SC-HOM-005,POSITIVE,,pending,False,False,,
SC-HOM-005_p018,SC-HOM-005-Person + TV\Positive\istockphoto-2177872367-640_adpp_is.mp4,SC-HOM-005-Person + TV,istockphoto-2177872367-640_adpp_is.mp4,.mp4,9.88,25.0,768,432,247,0.79,82ac299f729ab062a16c448ce4ecb95159f9ccedc6573e531ba6283170120861,SC-HOM-005,POSITIVE,,pending,False,False,,
SC-HOM-005_p019,SC-HOM-005-Person + TV\Positive\istockphoto-2178412400-640_adpp_is.mp4,SC-HOM-005-Person + TV,istockphoto-2178412400-640_adpp_is.mp4,.mp4,11.88,25.0,768,432,297,0.36,3b8f8feeedb2cd4ea21da69071e955616ff3cd79e34ad79c9047afd87003074b,SC-HOM-005,POSITIVE,,pending,False,False,,
SC-HOM-005_p020,SC-HOM-005-Person + TV\Positive\istockphoto-2204549023-640_adpp_is.mp4,SC-HOM-005-Person + TV,istockphoto-2204549023-640_adpp_is.mp4,.mp4,9.04,24.0,768,432,217,0.61,3350feb0384c36087898d5df8bd4b5322a9c83fbdc20f9fcd1f05cafbb32b328,SC-HOM-005,POSITIVE,,pending,False,False,,
SC-HOM-005_p021,SC-HOM-005-Person + TV\Positive\istockphoto-2234714465-640_adpp_is.mp4,SC-HOM-005-Person + TV,istockphoto-2234714465-640_adpp_is.mp4,.mp4,24.6,25.0,768,432,615,1.34,d602bfe170df72ec18ea630fa1df588bee4b372161f18c83b80ea6c12655a543,SC-HOM-005,POSITIVE,,pending,False,False,,
SC-HOM-005_p022,SC-HOM-005-Person + TV\Positive\istockphoto-472986834-640_adpp_is.mp4,SC-HOM-005-Person + TV,istockphoto-472986834-640_adpp_is.mp4,.mp4,23.64,25.0,768,432,591,1.85,76368f17e30ad71283434e1a19653f48f0d9c493e27caf8e0047185a169328fa,SC-HOM-005,POSITIVE,,pending,False,False,,
SC-HYD-001_p001,SC-HYD-001 - Hydration Support\Positive\istockphoto-1258164930-640_adpp_is.mp4,SC-HYD-001 - Hydration Support,istockphoto-1258164930-640_adpp_is.mp4,.mp4,13.44,25.0,768,432,336,0.64,89efe43e523fee23381f96fafa664aa07c8d101562ba196741c307a18968f509,SC-HYD-001,POSITIVE,,pending,False,False,,
SC-HYD-001_p002,SC-HYD-001 - Hydration Support\Positive\istockphoto-1310918810-640_adpp_is.mp4,SC-HYD-001 - Hydration Support,istockphoto-1310918810-640_adpp_is.mp4,.mp4,11.69,29.97,768,432,350,0.72,558acd62805163cbf5d2d3bd0a77a2651620a371b2fc8b6a31b6db7700d9b201,SC-HYD-001,POSITIVE,,pending,False,False,,
SC-HYD-001_p003,SC-HYD-001 - Hydration Support\Positive\istockphoto-1334571353-640_adpp_is.mp4,SC-HYD-001 - Hydration Support,istockphoto-1334571353-640_adpp_is.mp4,.mp4,19.75,50.0,768,432,987,2.62,37edf64475b19409f347f74af86a011c6f854eed75853a109f9a23230f81dbed,SC-HYD-001,POSITIVE,,pending,False,False,,
SC-HYD-001_p004,SC-HYD-001 - Hydration Support\Positive\istockphoto-1412529803-640_adpp_is.mp4,SC-HYD-001 - Hydration Support,istockphoto-1412529803-640_adpp_is.mp4,.mp4,21.91,29.97,768,432,656,1.26,f0dc3b72728dd110be4f7add60c479044df9663e6cb7493fecd887312efaf6dc,SC-HYD-001,POSITIVE,,pending,False,False,,
SC-HYD-001_p005,SC-HYD-001 - Hydration Support\Positive\istockphoto-1450406607-640_adpp_is.mp4,SC-HYD-001 - Hydration Support,istockphoto-1450406607-640_adpp_is.mp4,.mp4,17.54,59.94,768,432,1050,1.65,8f6e2326c52eb5e095bbad9810de0dfa675a3482387e22133a58eacf0643f205,SC-HYD-001,POSITIVE,,pending,False,False,,
SC-HYD-001_p006,SC-HYD-001 - Hydration Support\Positive\istockphoto-1491226505-640_adpp_is.mp4,SC-HYD-001 - Hydration Support,istockphoto-1491226505-640_adpp_is.mp4,.mp4,13.15,59.94,768,432,788,0.99,1098df6b9041e798cd6bf1abdeea74084386b2b3c39c51f69a651977ec54c87f,SC-HYD-001,POSITIVE,,pending,False,False,,
SC-HYD-001_p007,SC-HYD-001 - Hydration Support\Positive\istockphoto-1738715012-640_adpp_is.mp4,SC-HYD-001 - Hydration Support,istockphoto-1738715012-640_adpp_is.mp4,.mp4,6.68,25.0,768,432,167,0.26,67b389d171261463cac06e838b11e6f6b0d204e13f77fece01ce2443fc219790,SC-HYD-001,POSITIVE,,pending,False,False,,
SC-HYD-001_p008,SC-HYD-001 - Hydration Support\Positive\istockphoto-2155972015-640_adpp_is.mp4,SC-HYD-001 - Hydration Support,istockphoto-2155972015-640_adpp_is.mp4,.mp4,18.77,23.98,768,432,450,2.18,57906abdb9d3a473a5cebf2da408617581184f4e4ca2fb9417ea63934ffeb855,SC-HYD-001,POSITIVE,,pending,False,False,,
SC-HYD-001_p009,SC-HYD-001 - Hydration Support\Positive\istockphoto-2157241204-640_adpp_is.mp4,SC-HYD-001 - Hydration Support,istockphoto-2157241204-640_adpp_is.mp4,.mp4,14.28,59.94,768,432,856,1.63,f9dabfb7c8cfd6496c4bb342e2a7340bdcd8a3e57edaa7fe7c3e04228cc22632,SC-HYD-001,POSITIVE,,pending,False,False,,
SC-HYD-001_p010,SC-HYD-001 - Hydration Support\Positive\istockphoto-2161463715-640_adpp_is.mp4,SC-HYD-001 - Hydration Support,istockphoto-2161463715-640_adpp_is.mp4,.mp4,15.48,25.0,768,432,387,1.27,f0de35eaf3690068299a05de24908ff76794feaf4224a957c162d827b9b1c24e,SC-HYD-001,POSITIVE,,pending,False,False,,
SC-HYD-001_p011,SC-HYD-001 - Hydration Support\Positive\istockphoto-2195078987-640_adpp_is.mp4,SC-HYD-001 - Hydration Support,istockphoto-2195078987-640_adpp_is.mp4,.mp4,13.45,29.97,768,432,403,1.52,58dca1387d1c5c27131cbe85e138d8603399efaa9c52318cfd5550b77c447da7,SC-HYD-001,POSITIVE,,pending,False,False,,
SC-HYD-001_p012,SC-HYD-001 - Hydration Support\Positive\istockphoto-2205168690-640_adpp_is.mp4,SC-HYD-001 - Hydration Support,istockphoto-2205168690-640_adpp_is.mp4,.mp4,17.31,23.98,768,432,415,0.57,9a9b49ad657f06c2bf487774b5466c5db6d89d48acfd2130bf6384b2bd728d5a,SC-HYD-001,POSITIVE,,pending,False,False,,
SC-HYD-001_p013,SC-HYD-001 - Hydration Support\Positive\istockphoto-2230628448-640_adpp_is.mp4,SC-HYD-001 - Hydration Support,istockphoto-2230628448-640_adpp_is.mp4,.mp4,9.92,25.0,768,432,248,1.1,6cb013dc73c9a5043c2e1b72b4d63634baed1ea6b55f2506b7f99b1e79d216a8,SC-HYD-001,POSITIVE,,pending,False,False,,
SC-HYD-001_p014,SC-HYD-001 - Hydration Support\Positive\istockphoto-2242758065-640_adpp_is.mp4,SC-HYD-001 - Hydration Support,istockphoto-2242758065-640_adpp_is.mp4,.mp4,16.6,25.0,768,432,415,0.57,615e169e5d1a132ce4208113296821e61ddbb26bd6fa777b13769a98dda41259,SC-HYD-001,POSITIVE,,pending,False,False,,
SC-HYD-001_p015,SC-HYD-001 - Hydration Support\Positive\istockphoto-2259095148-640_adpp_is.mp4,SC-HYD-001 - Hydration Support,istockphoto-2259095148-640_adpp_is.mp4,.mp4,11.64,25.0,768,432,291,0.91,37f314e0e900c3e843b423752cd2bf09a97cf5c4022fbe8daba6d8adb62b324c,SC-HYD-001,POSITIVE,,pending,False,False,,
SC-HYD-001_p016,SC-HYD-001 - Hydration Support\Positive\istockphoto-2272666598-640_adpp_is.mp4,SC-HYD-001 - Hydration Support,istockphoto-2272666598-640_adpp_is.mp4,.mp4,12.56,25.0,768,432,314,0.47,f22b8b1b791d26095b3c92e0e455bb097a7b95e829582ab1414e70c6f8204e4e,SC-HYD-001,POSITIVE,,pending,False,False,,
SC-HYD-001_p017,SC-HYD-001 - Hydration Support\Positive\istockphoto-961500980-640_adpp_is.mp4,SC-HYD-001 - Hydration Support,istockphoto-961500980-640_adpp_is.mp4,.mp4,21.22,29.97,768,432,636,2.05,d163970ad30e95b215a74339452adbfe7ba63f2c6413d16bd8a7381c72e04a32,SC-HYD-001,POSITIVE,,pending,False,False,,
SC-KIT-002_n001,SC-KIT-002 - Sharp Object Risk\Negative\26731-360259369_medium.mp4,SC-KIT-002 - Sharp Object Risk,26731-360259369_medium.mp4,.mp4,17.55,29.97,1280,720,526,4.73,2bee3d37570d4997a2f92bb36b2c7cba9bd0b5c34c3f84b82102cb6a5d7ff441,SC-KIT-002,NEGATIVE,,pending,False,False,,
SC-KIT-002_n002,SC-KIT-002 - Sharp Object Risk\Negative\a person holding pen\istockphoto-1314045577-640_adpp_is.mp4,SC-KIT-002 - Sharp Object Risk,istockphoto-1314045577-640_adpp_is.mp4,.mp4,27.84,23.98,768,432,667,1.22,9a29221c1e411694ebc428f3e5030b6b49b2cac550c53452c1fe320431dba8eb,SC-KIT-002,NEGATIVE,SAFE_OBJECT,pending,False,False,,
SC-KIT-002_n003,SC-KIT-002 - Sharp Object Risk\Negative\a person holding pen\istockphoto-1358605022-640_adpp_is.mp4,SC-KIT-002 - Sharp Object Risk,istockphoto-1358605022-640_adpp_is.mp4,.mp4,16.85,30.0,768,432,505,1.77,c5f1893fdaacaf31d45313b8813417dc5975c2fe78e478f7ff8485ba103877dc,SC-KIT-002,NEGATIVE,SAFE_OBJECT,pending,False,False,,
SC-KIT-002_n004,SC-KIT-002 - Sharp Object Risk\Negative\a person holding pen\istockphoto-2198374524-640_adpp_is.mp4,SC-KIT-002 - Sharp Object Risk,istockphoto-2198374524-640_adpp_is.mp4,.mp4,40.12,25.0,768,432,1003,2.43,af0dffcce899b8fe3c8756ae714ebfbdeca660b596ad891022ea9603dd93ad31,SC-KIT-002,NEGATIVE,SAFE_OBJECT,pending,False,False,,
SC-KIT-002_n005,SC-KIT-002 - Sharp Object Risk\Negative\a person holding pen\istockphoto-2224807388-640_adpp_is.mp4,SC-KIT-002 - Sharp Object Risk,istockphoto-2224807388-640_adpp_is.mp4,.mp4,27.6,25.0,768,432,690,1.45,568ad58faf47bbd1af497fca90c77b683cfa56e1b3484139bbc6e867a09da15d,SC-KIT-002,NEGATIVE,SAFE_OBJECT,pending,False,False,,
SC-KIT-002_n006,SC-KIT-002 - Sharp Object Risk\Negative\a person holding pen\istockphoto-497164168-640_adpp_is.mp4,SC-KIT-002 - Sharp Object Risk,istockphoto-497164168-640_adpp_is.mp4,.mp4,17.02,29.97,768,432,510,3.14,5beec92b0f5797fe10ae4b83134a4f9b7070313e8b37f0aa249123f6254dca71,SC-KIT-002,NEGATIVE,SAFE_OBJECT,pending,False,False,,
SC-KIT-002_n007,SC-KIT-002 - Sharp Object Risk\Negative\a person holding remote\istockphoto-1320670511-640_adpp_is.mp4,SC-KIT-002 - Sharp Object Risk,istockphoto-1320670511-640_adpp_is.mp4,.mp4,16.02,59.94,768,432,960,1.17,498ab57e7ce3462bd61690a353cabdca4e0637939cecf70da312b009fb2845f4,SC-KIT-002,NEGATIVE,SAFE_OBJECT,pending,False,False,,
SC-KIT-002_n008,SC-KIT-002 - Sharp Object Risk\Negative\a person holding remote\istockphoto-1405376184-640_adpp_is.mp4,SC-KIT-002 - Sharp Object Risk,istockphoto-1405376184-640_adpp_is.mp4,.mp4,10.6,25.0,768,432,265,0.49,17d1c0ac2d4dbec8c4c7b16a9b8b510f4ed0284012d83ac175afaa355d1e3bd7,SC-KIT-002,NEGATIVE,SAFE_OBJECT,pending,False,False,,
SC-KIT-002_n009,SC-KIT-002 - Sharp Object Risk\Negative\a person holding remote\istockphoto-1693951754-640_adpp_is.mp4,SC-KIT-002 - Sharp Object Risk,istockphoto-1693951754-640_adpp_is.mp4,.mp4,17.52,29.97,768,432,525,0.56,dd4c2b5580f4ca8873895f7c4a2bc0ce1e6be15cb69eaa8301501cc43173eb49,SC-KIT-002,NEGATIVE,SAFE_OBJECT,pending,False,False,,
SC-KIT-002_n010,SC-KIT-002 - Sharp Object Risk\Negative\a person holding remote\istockphoto-2154814695-640_adpp_is.mp4,SC-KIT-002 - Sharp Object Risk,istockphoto-2154814695-640_adpp_is.mp4,.mp4,17.24,25.0,768,432,431,0.41,9f63997f5cb163bdb384293e6aaa0481c4b076ef60838e822c2ed79918143880,SC-KIT-002,NEGATIVE,SAFE_OBJECT,pending,False,False,,
SC-KIT-002_n011,SC-KIT-002 - Sharp Object Risk\Negative\a person holding spoon\istockphoto-1388016769-640_adpp_is.mp4,SC-KIT-002 - Sharp Object Risk,istockphoto-1388016769-640_adpp_is.mp4,.mp4,17.17,50.0,768,432,858,1.28,53b21d2ada1ae59ff2f78de782dabda8223e9d5d743989c9e263431d6a76580f,SC-KIT-002,NEGATIVE,SAFE_OBJECT,pending,False,False,,
SC-KIT-002_n012,SC-KIT-002 - Sharp Object Risk\Negative\a person holding spoon\istockphoto-1899455637-640_adpp_is.mp4,SC-KIT-002 - Sharp Object Risk,istockphoto-1899455637-640_adpp_is.mp4,.mp4,15.47,23.98,768,432,371,0.49,9c2834b974b6729094ba66a06436de1c7e13408042c07c593acd98941712ad85,SC-KIT-002,NEGATIVE,SAFE_OBJECT,pending,False,False,,
SC-KIT-002_n013,SC-KIT-002 - Sharp Object Risk\Negative\a person holding spoon\istockphoto-2211553302-640_adpp_is.mp4,SC-KIT-002 - Sharp Object Risk,istockphoto-2211553302-640_adpp_is.mp4,.mp4,8.76,25.0,768,432,219,0.95,90700a9c9dd32280b727a7b6ea4fde70c0382a4651e25f39176b67f1fd012c6b,SC-KIT-002,NEGATIVE,SAFE_OBJECT,pending,False,False,,
SC-KIT-002_n014,SC-KIT-002 - Sharp Object Risk\Negative\a person holding spoon\istockphoto-2211553979-640_adpp_is.mp4,SC-KIT-002 - Sharp Object Risk,istockphoto-2211553979-640_adpp_is.mp4,.mp4,20.56,25.0,768,432,514,1.9,407d8a56a657fc245caaf756fb31f03be48522f5ac5b91e3300a03ac4bc3f7c5,SC-KIT-002,NEGATIVE,SAFE_OBJECT,pending,False,False,,
SC-KIT-002_n015,SC-KIT-002 - Sharp Object Risk\Negative\a person holding spoon\istockphoto-919545424-640_adpp_is.mp4,SC-KIT-002 - Sharp Object Risk,istockphoto-919545424-640_adpp_is.mp4,.mp4,22.02,23.98,768,432,528,1.16,00bed97f8dd4d9e00fa4be7cdbdaca456ad42e511495e2436667d5e3b09e95af,SC-KIT-002,NEGATIVE,SAFE_OBJECT,pending,False,False,,
SC-KIT-002_n016,SC-KIT-002 - Sharp Object Risk\Negative\istockphoto-1280698432-640_adpp_is.mp4,SC-KIT-002 - Sharp Object Risk,istockphoto-1280698432-640_adpp_is.mp4,.mp4,23.69,23.98,768,432,568,2.69,026eb8c9199c835cd41df5e4abcd4951875af8ddf1d33395899d72100147df98,SC-KIT-002,NEGATIVE,,pending,False,False,,
SC-KIT-002_n017,SC-KIT-002 - Sharp Object Risk\Negative\istockphoto-1288436155-640_adpp_is.mp4,SC-KIT-002 - Sharp Object Risk,istockphoto-1288436155-640_adpp_is.mp4,.mp4,19.71,30.0,768,432,591,3.07,d1c8e0333503e462b143bfb0ff38e87ea348dc23b39a37f9ffafd9ea8bbffe71,SC-KIT-002,NEGATIVE,,pending,False,False,,
SC-KIT-002_n018,SC-KIT-002 - Sharp Object Risk\Negative\istockphoto-1325467250-640_adpp_is.mp4,SC-KIT-002 - Sharp Object Risk,istockphoto-1325467250-640_adpp_is.mp4,.mp4,22.97,30.0,768,432,689,4.48,f746c8270933690a464f662dc166b00dc058b69b2a8d7711f6c97be62dad86bb,SC-KIT-002,NEGATIVE,,pending,False,False,,
SC-KIT-002_n019,SC-KIT-002 - Sharp Object Risk\Negative\istockphoto-1451831568-640_adpp_is.mp4,SC-KIT-002 - Sharp Object Risk,istockphoto-1451831568-640_adpp_is.mp4,.mp4,9.43,23.98,768,432,226,0.93,6eb4f16c73a3f7344bd816374413293190f3eea8658dd70bddc6e78a86987438,SC-KIT-002,NEGATIVE,,pending,False,False,,
SC-KIT-002_n020,SC-KIT-002 - Sharp Object Risk\Negative\istockphoto-1994258481-640_adpp_is.mp4,SC-KIT-002 - Sharp Object Risk,istockphoto-1994258481-640_adpp_is.mp4,.mp4,29.08,25.0,768,432,727,1.93,91f80e224565aeacc648475c2f0d694f3ceb2472b2551a351d0c8e1fc5024716,SC-KIT-002,NEGATIVE,,pending,False,False,,
SC-KIT-002_n021,SC-KIT-002 - Sharp Object Risk\Negative\istockphoto-2025649115-640_adpp_is.mp4,SC-KIT-002 - Sharp Object Risk,istockphoto-2025649115-640_adpp_is.mp4,.mp4,14.4,29.97,768,432,431,1.41,6e9898bd99c5f124b75807e94ddd0a4e5829a0765ae4213fc93e16abae523e23,SC-KIT-002,NEGATIVE,,pending,False,False,,
SC-KIT-002_n022,SC-KIT-002 - Sharp Object Risk\Negative\istockphoto-2163136497-640_adpp_is.mp4,SC-KIT-002 - Sharp Object Risk,istockphoto-2163136497-640_adpp_is.mp4,.mp4,29.15,23.98,768,432,699,1.89,10b13cc082e347cf59b7bf1a4eb2329b3dbda4157e72ba6b0d41f5a427b0604d,SC-KIT-002,NEGATIVE,,pending,False,False,,
SC-KIT-002_n023,SC-KIT-002 - Sharp Object Risk\Negative\istockphoto-2203557111-640_adpp_is.mp4,SC-KIT-002 - Sharp Object Risk,istockphoto-2203557111-640_adpp_is.mp4,.mp4,11.37,25.0,768,432,284,0.99,f58b7d11bcafa53311a2918cda98e1b8868537f1a8f29731fceaf817b29df784,SC-KIT-002,NEGATIVE,,pending,False,False,,
SC-KIT-002_n024,SC-KIT-002 - Sharp Object Risk\Negative\istockphoto-2205623045-640_adpp_is.mp4,SC-KIT-002 - Sharp Object Risk,istockphoto-2205623045-640_adpp_is.mp4,.mp4,30.04,23.98,768,432,720,2.48,d7d3466da360a03f789b44d2615537d7d4510c56fe4c3df660353ce6a77ce4a9,SC-KIT-002,NEGATIVE,,pending,False,False,,
SC-KIT-002_n025,SC-KIT-002 - Sharp Object Risk\Negative\istockphoto-2257939608-640_adpp_is.mp4,SC-KIT-002 - Sharp Object Risk,istockphoto-2257939608-640_adpp_is.mp4,.mp4,17.28,25.0,768,432,432,1.86,26c8051d282e74f15dd2b1bb9fdb9297ba7b806853d2cb39746fca196902d9cd,SC-KIT-002,NEGATIVE,,pending,False,False,,
SC-KIT-002_n026,SC-KIT-002 - Sharp Object Risk\Negative\istockphoto-2276702456-640_adpp_is.mp4,SC-KIT-002 - Sharp Object Risk,istockphoto-2276702456-640_adpp_is.mp4,.mp4,11.28,25.0,768,432,282,1.36,a6568c900b250623ed6bbbe7d7ed06291f7d7269395701e07d50197b5d56a1f0,SC-KIT-002,NEGATIVE,,pending,False,False,,
SC-KIT-002_n027,SC-KIT-002 - Sharp Object Risk\Negative\istockphoto-2286341858-640_adpp_is.mp4,SC-KIT-002 - Sharp Object Risk,istockphoto-2286341858-640_adpp_is.mp4,.mp4,11.96,25.0,768,432,299,1.1,482bcd29f2b4ba028c01fd0ebd7355c760a14d6e81d0031c8a8a2b19a1303d07,SC-KIT-002,NEGATIVE,,pending,False,False,,
SC-KIT-002_n028,SC-KIT-002 - Sharp Object Risk\Negative\istockphoto-698622048-640_adpp_is.mp4,SC-KIT-002 - Sharp Object Risk,istockphoto-698622048-640_adpp_is.mp4,.mp4,17.6,23.98,768,432,422,3.11,f32a9ed5ed288ed2c1db07dd1834551454dde59471076a899abad619da006c27,SC-KIT-002,NEGATIVE,,pending,False,False,,
SC-KIT-003_p001,SC-KIT-003 - Kitchen Appliance Context\Positive\istockphoto-1405011962-640_adpp_is.mp4,SC-KIT-003 - Kitchen Appliance Context,istockphoto-1405011962-640_adpp_is.mp4,.mp4,6.56,25.0,768,432,164,0.57,5da988396056e3b5219f4c8a67ae041047e4a3109220ba70cd695ed2c08c31c6,SC-KIT-003,POSITIVE,,pending,False,False,,
SC-KIT-003_p002,SC-KIT-003 - Kitchen Appliance Context\Positive\istockphoto-1494595059-640_adpp_is.mp4,SC-KIT-003 - Kitchen Appliance Context,istockphoto-1494595059-640_adpp_is.mp4,.mp4,13.18,23.98,768,432,316,0.57,92b7de0b737b96331a4470c94b0c9c49a092340747fa8f0626471de30ea79016,SC-KIT-003,POSITIVE,,pending,False,False,,
SC-KIT-003_p003,SC-KIT-003 - Kitchen Appliance Context\Positive\istockphoto-158439528-640_adpp_is.mp4,SC-KIT-003 - Kitchen Appliance Context,istockphoto-158439528-640_adpp_is.mp4,.mp4,14.29,24.0,768,432,343,1.14,4c87619eabe8dbce9ea9f4f0b9fc600d2ccebc133016ccdd79fdf9c76762a4ba,SC-KIT-003,POSITIVE,,pending,False,False,,
SC-KIT-003_p004,SC-KIT-003 - Kitchen Appliance Context\Positive\istockphoto-1956186318-640_adpp_is.mp4,SC-KIT-003 - Kitchen Appliance Context,istockphoto-1956186318-640_adpp_is.mp4,.mp4,12.91,29.97,768,432,387,0.97,42b130484a02f03b3812af8c7f7926b860f1c984b54352aa760df8a6a275d53a,SC-KIT-003,POSITIVE,,pending,False,False,,
SC-KIT-003_p005,SC-KIT-003 - Kitchen Appliance Context\Positive\istockphoto-1967951823-640_adpp_is.mp4,SC-KIT-003 - Kitchen Appliance Context,istockphoto-1967951823-640_adpp_is.mp4,.mp4,12.15,29.97,768,432,364,1.23,d4b142ec80605dc8aee7f95a5843f4d1a12fcdaa24f9b1bd3b702e42bbd40f49,SC-KIT-003,POSITIVE,,pending,False,False,,
SC-KIT-003_p006,SC-KIT-003 - Kitchen Appliance Context\Positive\istockphoto-1994211107-640_adpp_is.mp4,SC-KIT-003 - Kitchen Appliance Context,istockphoto-1994211107-640_adpp_is.mp4,.mp4,15.05,29.97,768,432,451,1.08,304d0ad6236db216845f5a1185c352f0b270fc2dccbc479bb9c1be459559e32e,SC-KIT-003,POSITIVE,,pending,False,False,,
SC-KIT-003_p007,SC-KIT-003 - Kitchen Appliance Context\Positive\istockphoto-2090233486-640_adpp_is.mp4,SC-KIT-003 - Kitchen Appliance Context,istockphoto-2090233486-640_adpp_is.mp4,.mp4,13.0,30.0,768,432,390,2.39,eef975513e2afd44bb84d307ed3dd8e6f218b4ffdd6cd1f283338e3b3ca5576b,SC-KIT-003,POSITIVE,,pending,False,False,,
SC-KIT-003_p008,SC-KIT-003 - Kitchen Appliance Context\Positive\istockphoto-2150569875-640_adpp_is.mp4,SC-KIT-003 - Kitchen Appliance Context,istockphoto-2150569875-640_adpp_is.mp4,.mp4,14.38,59.94,768,432,862,0.9,1df3a11b36e813df9ed7db6b98507baf0c1acedd4827934fcdd7da4fb2826db8,SC-KIT-003,POSITIVE,,pending,False,False,,
SC-KIT-003_p009,SC-KIT-003 - Kitchen Appliance Context\Positive\istockphoto-2187461827-640_adpp_is.mp4,SC-KIT-003 - Kitchen Appliance Context,istockphoto-2187461827-640_adpp_is.mp4,.mp4,38.42,50.0,768,432,1921,3.99,6e5f71cfb2360599ee5f9f6b5ae684262c086ecf33dc5f2267f92d65b660a290,SC-KIT-003,POSITIVE,,pending,False,False,,
SC-KIT-003_p010,SC-KIT-003 - Kitchen Appliance Context\Positive\istockphoto-2204900575-640_adpp_is.mp4,SC-KIT-003 - Kitchen Appliance Context,istockphoto-2204900575-640_adpp_is.mp4,.mp4,11.04,25.0,768,432,276,1.53,347f67b0b711af13191acd075ee161c4a6d63efa8609ebe8a7800a5acbfcc071,SC-KIT-003,POSITIVE,,pending,False,False,,
SC-KIT-003_p011,SC-KIT-003 - Kitchen Appliance Context\Positive\istockphoto-2220266699-640_adpp_is.mp4,SC-KIT-003 - Kitchen Appliance Context,istockphoto-2220266699-640_adpp_is.mp4,.mp4,13.16,25.0,768,432,329,1.51,3cf73e0d9e14b779dc64ed5d97536b103d2d5fe25a132b8d70e6dbe04ff31c4e,SC-KIT-003,POSITIVE,,pending,False,False,,
SC-KIT-003_p012,SC-KIT-003 - Kitchen Appliance Context\Positive\istockphoto-2223248322-640_adpp_is.mp4,SC-KIT-003 - Kitchen Appliance Context,istockphoto-2223248322-640_adpp_is.mp4,.mp4,12.36,25.0,768,432,309,1.55,c42eb9fe94455c2518c12791079aaf1cf25fe1cca381091362b05280dff196e6,SC-KIT-003,POSITIVE,,pending,False,False,,
SC-KIT-003_p013,SC-KIT-003 - Kitchen Appliance Context\Positive\istockphoto-2251388328-640_adpp_is.mp4,SC-KIT-003 - Kitchen Appliance Context,istockphoto-2251388328-640_adpp_is.mp4,.mp4,5.82,29.97,768,432,174,1.46,826a5db8bd849c2aba8ad22340e80238064ffade05a35a53334219cbccbb3aba,SC-KIT-003,POSITIVE,,pending,False,False,,
SC-KIT-003_p014,SC-KIT-003 - Kitchen Appliance Context\Positive\istockphoto-901096016-640_adpp_is.mp4,SC-KIT-003 - Kitchen Appliance Context,istockphoto-901096016-640_adpp_is.mp4,.mp4,5.32,25.0,768,432,133,0.17,c48165f47679ed41e081f728486268e6f8a874e0fe54e59b5467576474e22901,SC-KIT-003,POSITIVE,,pending,False,False,,
SC-KIT-003_p015,SC-KIT-003 - Kitchen Appliance Context\Positive\istockphoto-908985686-640_adpp_is(1).mp4,SC-KIT-003 - Kitchen Appliance Context,istockphoto-908985686-640_adpp_is(1).mp4,.mp4,24.0,25.0,768,432,600,1.03,9acc1e57b3b681d018c220307bc74eb2c27d66381cf3e7270aef268cd48e9ced,SC-KIT-003,POSITIVE,,pending,False,False,,
SC-KIT-003_p016,SC-KIT-003 - Kitchen Appliance Context\Positive\istockphoto-908985686-640_adpp_is.mp4,SC-KIT-003 - Kitchen Appliance Context,istockphoto-908985686-640_adpp_is.mp4,.mp4,24.0,25.0,768,432,600,1.03,9acc1e57b3b681d018c220307bc74eb2c27d66381cf3e7270aef268cd48e9ced,SC-KIT-003,POSITIVE,,pending,False,True,SC-KIT-003_p015,
SC-MED-001_n001,SC-MED-001 - Medicine Visible\Negative\istockphoto-1295269229-640_adpp_is.mp4,SC-MED-001 - Medicine Visible,istockphoto-1295269229-640_adpp_is.mp4,.mp4,7.2,25.0,768,432,180,0.1,5db9758bae00792d854baca374ea736c25ca407bd41bbd9fda86a66610adc15d,SC-MED-001,NEGATIVE,,pending,False,False,,
SC-MED-001_n002,SC-MED-001 - Medicine Visible\Negative\istockphoto-1317593103-640_adpp_is.mp4,SC-MED-001 - Medicine Visible,istockphoto-1317593103-640_adpp_is.mp4,.mp4,9.96,25.0,768,432,249,0.9,d3375142b6a06c05eaeb1559ea3cbafd44590edc73e9b6f4425e595abc25db09,SC-MED-001,NEGATIVE,,pending,False,False,,
SC-MED-001_n003,SC-MED-001 - Medicine Visible\Negative\istockphoto-1440225526-640_adpp_is.mp4,SC-MED-001 - Medicine Visible,istockphoto-1440225526-640_adpp_is.mp4,.mp4,15.92,25.0,768,432,398,1.31,1c039e0989cd049f9cc357cad599b6582512766d7d1a7733344832d62a11c851,SC-MED-001,NEGATIVE,,pending,False,False,,
SC-MED-001_n004,SC-MED-001 - Medicine Visible\Negative\istockphoto-1614796450-640_adpp_is.mp4,SC-MED-001 - Medicine Visible,istockphoto-1614796450-640_adpp_is.mp4,.mp4,20.88,25.0,768,432,522,0.57,9e057dfef3d37bf6690062b3765751b1cef3edfb4d63ace4369f84d498376764,SC-MED-001,NEGATIVE,,pending,False,False,,
SC-MED-001_n005,SC-MED-001 - Medicine Visible\Negative\istockphoto-2168881407-640_adpp_is.mp4,SC-MED-001 - Medicine Visible,istockphoto-2168881407-640_adpp_is.mp4,.mp4,30.03,29.97,768,432,900,2.08,30a9db05aca9c7e9011fd23cd9498dde575bb224d3a1572ba24f2bc98ba57f59,SC-MED-001,NEGATIVE,,pending,False,False,,
SC-MED-001_n006,SC-MED-001 - Medicine Visible\Negative\istockphoto-2207894180-640_adpp_is.mp4,SC-MED-001 - Medicine Visible,istockphoto-2207894180-640_adpp_is.mp4,.mp4,9.51,29.97,768,432,285,0.33,592193bd0c7eb4d7d41c8b0f258aeb16852c6090833457d9c692e1d22b1a928f,SC-MED-001,NEGATIVE,,pending,False,False,,
SC-MED-001_n007,SC-MED-001 - Medicine Visible\Negative\istockphoto-473111483-640_adpp_is.mp4,SC-MED-001 - Medicine Visible,istockphoto-473111483-640_adpp_is.mp4,.mp4,29.4,29.97,768,432,881,1.62,165b76ba5453daeaf878f00feb693d72954b8c9793d1162f1478dda4309d98c6,SC-MED-001,NEGATIVE,,pending,False,False,,
SC-MED-001_n008,SC-MED-001 - Medicine Visible\Negative\istockphoto-508144253-640_adpp_is.mp4,SC-MED-001 - Medicine Visible,istockphoto-508144253-640_adpp_is.mp4,.mp4,20.0,30.0,768,432,600,0.92,a826b6d8fc73b9fd389e1873a973eb9c08f9ec6740591c6c90d7e7bf725f0d62,SC-MED-001,NEGATIVE,,pending,False,False,,
SC-MED-001_n009,SC-MED-001 - Medicine Visible\Negative\istockphoto-826582004-640_adpp_is.mp4,SC-MED-001 - Medicine Visible,istockphoto-826582004-640_adpp_is.mp4,.mp4,11.87,30.0,768,432,356,0.43,f98c7954415d611397e5149518d4a37f1f862f54e7eec48d1e34dd7cebda549b,SC-MED-001,NEGATIVE,,pending,False,False,,
SC-MED-001_n010,SC-MED-001 - Medicine Visible\Negative\istockphoto-92876941-640_adpp_is.mp4,SC-MED-001 - Medicine Visible,istockphoto-92876941-640_adpp_is.mp4,.mp4,15.0,30.0,768,432,450,0.37,8af42da17ba866478b3236e7793657c0090e3d535a2be53c50573c91d92f431b,SC-MED-001,NEGATIVE,,pending,False,False,,
SC-MED-001_p001,SC-MED-001 - Medicine Visible\Positive\istockphoto-1019855616-640_adpp_is.mp4,SC-MED-001 - Medicine Visible,istockphoto-1019855616-640_adpp_is.mp4,.mp4,5.52,25.0,768,432,138,0.3,2e44926137e6fa7d54134be505ab5ac538b2eb321175470f7c1765fc7e1cda0a,SC-MED-001,POSITIVE,,pending,False,False,,
SC-MED-001_p002,SC-MED-001 - Medicine Visible\Positive\istockphoto-1302339889-640_adpp_is.mp4,SC-MED-001 - Medicine Visible,istockphoto-1302339889-640_adpp_is.mp4,.mp4,12.05,29.97,768,432,361,0.79,1263b8722f5c162972e8c15aff2461921debd82cc98256ba6e97f9c1f2d0621e,SC-MED-001,POSITIVE,,pending,False,False,,
SC-MED-001_p003,SC-MED-001 - Medicine Visible\Positive\istockphoto-1396552494-640_adpp_is.mp4,SC-MED-001 - Medicine Visible,istockphoto-1396552494-640_adpp_is.mp4,.mp4,39.04,23.98,768,432,936,2.4,ead4588380863c6e01648c974efb7c3aa8f4719dc969a4301ec7b197bba1aad3,SC-MED-001,POSITIVE,,pending,False,False,,
SC-MED-001_p004,SC-MED-001 - Medicine Visible\Positive\istockphoto-1751437219-640_adpp_is.mp4,SC-MED-001 - Medicine Visible,istockphoto-1751437219-640_adpp_is.mp4,.mp4,17.78,29.97,768,432,533,0.6,74e3453487040c10c11a0c0461e829c7f83b1fb59dc8008837f419fa5fc6751d,SC-MED-001,POSITIVE,,pending,False,False,,
SC-MED-001_p005,SC-MED-001 - Medicine Visible\Positive\istockphoto-2154970021-640_adpp_is.mp4,SC-MED-001 - Medicine Visible,istockphoto-2154970021-640_adpp_is.mp4,.mp4,8.92,25.0,768,432,223,0.42,5807936bfcfac161a699f7ca7278f4ba39639d585c1be5f551c576427360e377,SC-MED-001,POSITIVE,,pending,False,False,,
SC-MED-001_p006,SC-MED-001 - Medicine Visible\Positive\istockphoto-2163973794-640_adpp_is.mp4,SC-MED-001 - Medicine Visible,istockphoto-2163973794-640_adpp_is.mp4,.mp4,10.64,25.0,768,432,266,0.26,6abe44fa58373edcf613a12f39210e15d9fdb7a997de1248d5b75a2244de31d6,SC-MED-001,POSITIVE,,pending,False,False,,
SC-MED-001_p007,SC-MED-001 - Medicine Visible\Positive\istockphoto-2164187476-640_adpp_is.mp4,SC-MED-001 - Medicine Visible,istockphoto-2164187476-640_adpp_is.mp4,.mp4,11.08,29.97,768,432,332,0.5,6770a5a073dedb490d8a4aa8ae3a7d6e8cf928ddfeff1c4aa4a1c97524520453,SC-MED-001,POSITIVE,,pending,False,False,,
SC-MED-001_p008,SC-MED-001 - Medicine Visible\Positive\istockphoto-2175042183-640_adpp_is.mp4,SC-MED-001 - Medicine Visible,istockphoto-2175042183-640_adpp_is.mp4,.mp4,8.5,24.0,768,432,204,0.38,7582e9b3c0d53e6dc570f59043319beed262d633be44750a3d0044a688339708,SC-MED-001,POSITIVE,,pending,False,False,,
SC-MED-001_p009,SC-MED-001 - Medicine Visible\Positive\istockphoto-2189215644-640_adpp_is.mp4,SC-MED-001 - Medicine Visible,istockphoto-2189215644-640_adpp_is.mp4,.mp4,20.9,23.98,768,432,501,1.65,9d11aff9b795d2d346e26a2bbd65b15a5f23e2a3caaf38af553b9281e0b94506,SC-MED-001,POSITIVE,,pending,False,False,,
SC-MED-001_p010,SC-MED-001 - Medicine Visible\Positive\istockphoto-2206517882-640_adpp_is.mp4,SC-MED-001 - Medicine Visible,istockphoto-2206517882-640_adpp_is.mp4,.mp4,15.02,29.97,768,432,450,0.4,e2acb35e8e07738ec1a0b3076a3f55d1a989b2e9c54432a57be37fe8d04360b2,SC-MED-001,POSITIVE,,pending,False,False,,
SC-MOB-001_e001,SC-MOB-001-walking stick support\Edge\istockphoto-1171100195-640_adpp_is.mp4,SC-MOB-001-walking stick support,istockphoto-1171100195-640_adpp_is.mp4,.mp4,15.02,29.97,768,432,450,1.13,837c49d6c4190fadc51cddae05ac494aae275af4ba09ae477df47994b4304a73,SC-MOB-001,EDGE,,pending,False,False,,
SC-MOB-001_e002,SC-MOB-001-walking stick support\Edge\istockphoto-1976794575-640_adpp_is.mp4,SC-MOB-001-walking stick support,istockphoto-1976794575-640_adpp_is.mp4,.mp4,5.88,24.0,768,432,141,0.23,caea5c30c53e35f4768da934a3351177fb327165a78968a2d4d352ba0347a497,SC-MOB-001,EDGE,,pending,False,False,,
SC-MOB-001_e003,SC-MOB-001-walking stick support\Edge\istockphoto-2117783399-640_adpp_is.mp4,SC-MOB-001-walking stick support,istockphoto-2117783399-640_adpp_is.mp4,.mp4,8.09,50.0,768,432,404,0.41,94cebebc5b9c5fd30baef29f52cfe496a4a9715f82b9bdd630add885637bd32b,SC-MOB-001,EDGE,,pending,False,False,,
SC-MOB-001_e004,SC-MOB-001-walking stick support\Edge\istockphoto-2137769272-640_adpp_is.mp4,SC-MOB-001-walking stick support,istockphoto-2137769272-640_adpp_is.mp4,.mp4,7.77,29.97,768,432,233,0.51,7e448edf8d091ee853a393f11bd494da797a5f7c9f8176312ce7cd153eca4f2e,SC-MOB-001,EDGE,,pending,False,False,,
SC-MOB-001_e005,SC-MOB-001-walking stick support\Edge\istockphoto-2180424180-640_adpp_is.mp4,SC-MOB-001-walking stick support,istockphoto-2180424180-640_adpp_is.mp4,.mp4,7.48,25.0,768,432,187,1.38,be564a00ff5618d1261ca10858ad6dfdb2ae4f3f10163ec2d1b3d4e544af5e17,SC-MOB-001,EDGE,,pending,False,False,,
SC-MOB-001_e006,SC-MOB-001-walking stick support\Edge\istockphoto-2245233610-640_adpp_is.mp4,SC-MOB-001-walking stick support,istockphoto-2245233610-640_adpp_is.mp4,.mp4,10.36,25.0,768,432,259,0.38,665feed185b65870e92182c78c96051cede57cb0088427a1f3b65b1a3666eff4,SC-MOB-001,EDGE,,pending,False,False,,
SC-MOB-001_n001,SC-MOB-001-walking stick support\negative\istockphoto-1366840365-640_adpp_is.mp4,SC-MOB-001-walking stick support,istockphoto-1366840365-640_adpp_is.mp4,.mp4,11.31,29.97,768,432,339,0.94,c95d6a66a341423f164fc51b7d0db85ec4c88babd18ea2742c31b5d6f0a2e781,SC-MOB-001,NEGATIVE,,pending,False,False,,
SC-MOB-001_n002,SC-MOB-001-walking stick support\negative\istockphoto-1838105360-640_adpp_is.mp4,SC-MOB-001-walking stick support,istockphoto-1838105360-640_adpp_is.mp4,.mp4,11.28,25.0,768,432,282,1.3,88222ab8e8cc7521a809d09ad3aceac653dd36fbef6283001e3e96d6bc7b85ce,SC-MOB-001,NEGATIVE,,pending,False,False,,
SC-MOB-001_n003,SC-MOB-001-walking stick support\negative\istockphoto-2065416784-640_adpp_is.mp4,SC-MOB-001-walking stick support,istockphoto-2065416784-640_adpp_is.mp4,.mp4,6.91,25.0,768,432,172,0.56,ae3e40b1872b9d7827de52cd1647a572033b2e2b89c154104baaa84b809bdc40,SC-MOB-001,NEGATIVE,,pending,False,False,,
SC-MOB-001_n004,SC-MOB-001-walking stick support\negative\istockphoto-2149291779-640_adpp_is.mp4,SC-MOB-001-walking stick support,istockphoto-2149291779-640_adpp_is.mp4,.mp4,8.56,25.0,768,432,214,0.38,ba1f01c085e3139a10e4acd0a43e87de46bb40a03d0ac19e67badf9e460ef7bc,SC-MOB-001,NEGATIVE,,pending,False,False,,
SC-MOB-001_n005,SC-MOB-001-walking stick support\negative\istockphoto-2221516461-640_adpp_is.mp4,SC-MOB-001-walking stick support,istockphoto-2221516461-640_adpp_is.mp4,.mp4,7.64,29.97,768,432,229,0.27,6d4db93c51da9ab145c473cea49f00d54bc9f6d4164063dd8299b81a082e2ae5,SC-MOB-001,NEGATIVE,,pending,False,False,,
SC-MOB-001_p001,SC-MOB-001-walking stick support\positive\istockphoto-1282350695-640_adpp_is.mp4,SC-MOB-001-walking stick support,istockphoto-1282350695-640_adpp_is.mp4,.mp4,22.08,25.0,768,432,552,1.56,dc37f647477235628b3c8a162530f33d3141db5df565d7dca67dabc6df0c0f2b,SC-MOB-001,POSITIVE,,pending,False,False,,
SC-MOB-001_p002,SC-MOB-001-walking stick support\positive\istockphoto-1354194249-640_adpp_is.mp4,SC-MOB-001-walking stick support,istockphoto-1354194249-640_adpp_is.mp4,.mp4,10.58,29.97,768,432,317,1.4,f70b29597547e935d66a858de77318897f88194d39986ab228595822075743c9,SC-MOB-001,POSITIVE,,pending,False,False,,
SC-MOB-001_p003,SC-MOB-001-walking stick support\positive\istockphoto-1995121425-640_adpp_is.mp4,SC-MOB-001-walking stick support,istockphoto-1995121425-640_adpp_is.mp4,.mp4,9.68,25.0,768,432,242,1.17,45cd59fc5b90f592359cee445b5bdce0e1304f383d85cca1f6ce39c5314e29a2,SC-MOB-001,POSITIVE,,pending,False,False,,
SC-MOB-001_p004,SC-MOB-001-walking stick support\positive\istockphoto-2065416784-640_adpp_is.mp4,SC-MOB-001-walking stick support,istockphoto-2065416784-640_adpp_is.mp4,.mp4,6.91,25.0,768,432,172,0.56,ae3e40b1872b9d7827de52cd1647a572033b2e2b89c154104baaa84b809bdc40,SC-MOB-001,POSITIVE,,pending,False,True,SC-MOB-001_n003,
SC-MOB-001_p005,SC-MOB-001-walking stick support\positive\istockphoto-2151889174-640_adpp_is.mp4,SC-MOB-001-walking stick support,istockphoto-2151889174-640_adpp_is.mp4,.mp4,5.58,24.0,768,432,134,0.32,38b76c193518b7ce0f00c2704813062435cfb032f4f96a63098b3072e3e29cee,SC-MOB-001,POSITIVE,,pending,False,False,,
SC-MOB-001_p006,SC-MOB-001-walking stick support\positive\istockphoto-2159949319-640_adpp_is.mp4,SC-MOB-001-walking stick support,istockphoto-2159949319-640_adpp_is.mp4,.mp4,22.4,25.0,768,432,560,1.08,784b7bee5fbef450275f2d0d4d762ff343eba43c6c19749741be34833b27ddd9,SC-MOB-001,POSITIVE,,pending,False,False,,
SC-MOB-001_p007,SC-MOB-001-walking stick support\positive\istockphoto-2177895743-640_adpp_is.mp4,SC-MOB-001-walking stick support,istockphoto-2177895743-640_adpp_is.mp4,.mp4,21.12,25.0,768,432,528,1.49,add8b635c2d77ed95cdba9f6f1dfc0a65fc84796c5229f96671861d4068c1363,SC-MOB-001,POSITIVE,,pending,False,False,,
SC-MOB-001_p008,SC-MOB-001-walking stick support\positive\istockphoto-2184488923-640_adpp_is.mp4,SC-MOB-001-walking stick support,istockphoto-2184488923-640_adpp_is.mp4,.mp4,20.07,29.97,768,432,601,2.16,0ddec2d5d16b9308ae93882d316072b351727f32b5cd6b5a81495389ad6207fd,SC-MOB-001,POSITIVE,,pending,False,False,,
SC-MOB-001_p009,SC-MOB-001-walking stick support\positive\istockphoto-2227467930-640_adpp_is.mp4,SC-MOB-001-walking stick support,istockphoto-2227467930-640_adpp_is.mp4,.mp4,16.18,29.97,432,768,485,1.72,c46a877f371de9f5ea5c586e73d1b4b6c8f7533b6f466a630d46f5c2264c37f4,SC-MOB-001,POSITIVE,,pending,False,False,,
SC-MOB-001_p010,SC-MOB-001-walking stick support\positive\istockphoto-2233144676-640_adpp_is.mp4,SC-MOB-001-walking stick support,istockphoto-2233144676-640_adpp_is.mp4,.mp4,12.24,25.0,768,432,306,1.55,47495ed12b961c61f66a0da9f593f0863a2fbeb987b96a307d759bcbff9775c8,SC-MOB-001,POSITIVE,,pending,False,False,,
SC-MOB-001_p011,SC-MOB-001-walking stick support\positive\istockphoto-2236845791-640_adpp_is.mp4,SC-MOB-001-walking stick support,istockphoto-2236845791-640_adpp_is.mp4,.mp4,15.0,30.0,768,432,450,3.2,4018906c5e48dba955080b45be97fb6054adbdee30be8de841f5d437c9eb010c,SC-MOB-001,POSITIVE,,pending,False,False,,
SC-MOB-001_p012,SC-MOB-001-walking stick support\positive\istockphoto-2271191632-640_adpp_is.mp4,SC-MOB-001-walking stick support,istockphoto-2271191632-640_adpp_is.mp4,.mp4,29.49,23.98,768,432,707,1.87,fbdb9bf70743983db32f046d29cb3f8310db38054ddbb108972f8d473ee2b1a7,SC-MOB-001,POSITIVE,,pending,False,False,,
SC-MOB-001_p013,SC-MOB-001-walking stick support\positive\istockphoto-629613292-640_adpp_is.mp4,SC-MOB-001-walking stick support,istockphoto-629613292-640_adpp_is.mp4,.mp4,16.22,29.97,768,432,486,1.67,1bd2ed9d4bdf84693573652ceaf954f7832f7cc4236cce64639e31e6649ce3a2,SC-MOB-001,POSITIVE,,pending,False,False,,
SC-MOB-001_p014,SC-MOB-001-walking stick support\positive\istockphoto-851770274-640_adpp_is.mp4,SC-MOB-001-walking stick support,istockphoto-851770274-640_adpp_is.mp4,.mp4,18.28,25.0,768,432,457,2.99,4919c24a80efbca53a36d01c1269f3d9bc4304da91ccb38dacbcf0011b216b05,SC-MOB-001,POSITIVE,,pending,False,False,,
SC-MOB-002_e001,SC-MOB-002-support handle\Edge\istockphoto-1056348186-640_adpp_is.mp4,SC-MOB-002-support handle,istockphoto-1056348186-640_adpp_is.mp4,.mp4,11.51,29.97,768,432,345,0.98,b6f9228ff6f4c79ae26c9b3168091c2df15a7c18cc3b340abf1614de13394e0f,SC-MOB-002,EDGE,,pending,False,False,,
SC-MOB-002_e002,SC-MOB-002-support handle\Edge\istockphoto-1311703957-640_adpp_is.mp4,SC-MOB-002-support handle,istockphoto-1311703957-640_adpp_is.mp4,.mp4,6.57,29.97,768,432,197,0.39,16c0ab0b48b1d267b29c7f3b323bc20b66916d0ed9ace4016037cc81a00eca32,SC-MOB-002,EDGE,,pending,False,False,,
SC-MOB-002_e003,SC-MOB-002-support handle\Edge\istockphoto-1338175186-640_adpp_is.mp4,SC-MOB-002-support handle,istockphoto-1338175186-640_adpp_is.mp4,.mp4,17.44,25.0,768,432,436,0.64,2216205e4bbd5674342123c87d29defccedc91431c6f1a47c7ba6a77bbb79117,SC-MOB-002,EDGE,,pending,False,False,,
SC-MOB-002_e004,SC-MOB-002-support handle\Edge\istockphoto-1417413423-640_adpp_is.mp4,SC-MOB-002-support handle,istockphoto-1417413423-640_adpp_is.mp4,.mp4,11.8,60.0,768,432,708,1.09,125ef366440f04e2832ea4974d4b372f387c4e0a1349ad755b548b7b0d3e5289,SC-MOB-002,EDGE,,pending,False,False,,
SC-MOB-002_n001,SC-MOB-002-support handle\Negative\istockphoto-1075610990-640_adpp_is.mp4,SC-MOB-002-support handle,istockphoto-1075610990-640_adpp_is.mp4,.mp4,7.65,60.0,768,432,459,0.61,604a1c822b0116e017e9339ac092a91f04c329588c9f6293d4b8ee4093d34707,SC-MOB-002,NEGATIVE,,pending,False,False,,
SC-MOB-002_n002,SC-MOB-002-support handle\Negative\istockphoto-2223028548-640_adpp_is.mp4,SC-MOB-002-support handle,istockphoto-2223028548-640_adpp_is.mp4,.mp4,7.92,25.0,768,432,198,0.87,ddd61929fabde776828893cafeaf9700e8112db65fd318a7421fcd26dd0d4f3f,SC-MOB-002,NEGATIVE,,pending,False,False,,
SC-MOB-002_n003,SC-MOB-002-support handle\Negative\istockphoto-2249712459-640_adpp_is.mp4,SC-MOB-002-support handle,istockphoto-2249712459-640_adpp_is.mp4,.mp4,5.92,25.0,768,432,148,0.5,ee1c5a286e9fabcefc9a6233045b5d6d5d2e2b3320b7fb3a0ecc798795580f25,SC-MOB-002,NEGATIVE,,pending,False,False,,
SC-MOB-002_n004,SC-MOB-002-support handle\Negative\istockphoto-2249712574-640_adpp_is.mp4,SC-MOB-002-support handle,istockphoto-2249712574-640_adpp_is.mp4,.mp4,5.8,25.0,768,432,145,0.45,5219c451997c864d2329f852bae3a7433bb902efe9483ac4cd7985a4e55cb205,SC-MOB-002,NEGATIVE,,pending,False,False,,
SC-MOB-002_p001,SC-MOB-002-support handle\Positive\istockphoto-1248063633-640_adpp_is.mp4,SC-MOB-002-support handle,istockphoto-1248063633-640_adpp_is.mp4,.mp4,20.53,29.97,768,432,615,1.38,f62ab6566ea1c4e67da35f4d7f96dbf40a6088a79e1deaaf620edc2958204e2e,SC-MOB-002,POSITIVE,,pending,False,False,,
SC-MOB-002_p002,SC-MOB-002-support handle\Positive\istockphoto-1272269580-640_adpp_is.mp4,SC-MOB-002-support handle,istockphoto-1272269580-640_adpp_is.mp4,.mp4,14.52,25.0,768,432,363,1.94,31900634672ea4df78d6674cd84edba58e686ec7babc49890870f40eef40368d,SC-MOB-002,POSITIVE,,pending,False,False,,
SC-MOB-002_p003,SC-MOB-002-support handle\Positive\istockphoto-1272275719-640_adpp_is.mp4,SC-MOB-002-support handle,istockphoto-1272275719-640_adpp_is.mp4,.mp4,21.44,25.0,768,432,536,2.85,48c7bb044523a882d3b8cae3d27ae19f5c88b4580656a26266fd80ab715578d5,SC-MOB-002,POSITIVE,,pending,False,False,,
SC-MOB-002_p004,SC-MOB-002-support handle\Positive\istockphoto-1317128538-640_adpp_is.mp4,SC-MOB-002-support handle,istockphoto-1317128538-640_adpp_is.mp4,.mp4,9.6,25.0,768,432,240,0.25,20abefe28f50ebd5bfd7bfab4bfdf0972ff7c526ef412d6d28422d516a804663,SC-MOB-002,POSITIVE,,pending,False,False,,
SC-MOB-002_p005,SC-MOB-002-support handle\Positive\istockphoto-1384963716-640_adpp_is.mp4,SC-MOB-002-support handle,istockphoto-1384963716-640_adpp_is.mp4,.mp4,10.71,29.97,768,432,321,2.02,916976efa59e9cafe90d43d9d0bde3abffeea044f2a5350262bd6751e09fdfe2,SC-MOB-002,POSITIVE,,pending,False,False,,
SC-MOB-002_p006,SC-MOB-002-support handle\Positive\istockphoto-1396897554-640_adpp_is.mp4,SC-MOB-002-support handle,istockphoto-1396897554-640_adpp_is.mp4,.mp4,6.11,29.97,768,432,183,0.37,5239c8a12e6f0c387875667366d454893de8905133bad89d5f1c19dd74cff67e,SC-MOB-002,POSITIVE,,pending,False,False,,
SC-MOB-002_p007,SC-MOB-002-support handle\Positive\istockphoto-1397020530-640_adpp_is.mp4,SC-MOB-002-support handle,istockphoto-1397020530-640_adpp_is.mp4,.mp4,13.85,29.97,768,432,415,2.72,8ca31577fc8a3c4d63f8ed14506620dcb8c7197083d08a08f9fc4d76e933ef7b,SC-MOB-002,POSITIVE,,pending,False,False,,
SC-MOB-002_p008,SC-MOB-002-support handle\Positive\istockphoto-1403829747-640_adpp_is.mp4,SC-MOB-002-support handle,istockphoto-1403829747-640_adpp_is.mp4,.mp4,10.69,29.97,768,432,320,0.32,8929d76661693217298011614f71ebc2546b47babb8e8b45160cc5c48c737cb7,SC-MOB-002,POSITIVE,,pending,False,False,,
SC-MOB-002_p009,SC-MOB-002-support handle\Positive\istockphoto-1420739317-640_adpp_is.mp4,SC-MOB-002-support handle,istockphoto-1420739317-640_adpp_is.mp4,.mp4,27.32,25.0,768,432,683,1.22,438a5f46e0fe883029ab7e7f464a78cea983723849a35874bff0315b8ccc5119,SC-MOB-002,POSITIVE,,pending,False,False,,
SC-MOB-002_p010,SC-MOB-002-support handle\Positive\istockphoto-1420740157-640_adpp_is.mp4,SC-MOB-002-support handle,istockphoto-1420740157-640_adpp_is.mp4,.mp4,19.2,25.0,768,432,480,1.24,5d03a20d1e66565b8316170ff031dd1aebed642a2fb37db8e5b7a7c202fd72a6,SC-MOB-002,POSITIVE,,pending,False,False,,
SC-MOB-002_p011,SC-MOB-002-support handle\Positive\istockphoto-1500259120-640_adpp_is.mp4,SC-MOB-002-support handle,istockphoto-1500259120-640_adpp_is.mp4,.mp4,28.1,50.0,768,432,1405,1.58,9f9f45a61187d33f3aac999fe7a860311ef47d4ed28b8069eea3ccabe554a6d5,SC-MOB-002,POSITIVE,,pending,False,False,,
SC-MOB-002_p012,SC-MOB-002-support handle\Positive\istockphoto-1845044554-640_adpp_is.mp4,SC-MOB-002-support handle,istockphoto-1845044554-640_adpp_is.mp4,.mp4,8.4,25.0,768,432,210,0.39,1102846e3deec473026f4898d38e574f81a7685385c55d351ed1ebe28e8fd49a,SC-MOB-002,POSITIVE,,pending,False,False,,
SC-MOB-002_p013,SC-MOB-002-support handle\Positive\istockphoto-2172808553-640_adpp_is.mp4,SC-MOB-002-support handle,istockphoto-2172808553-640_adpp_is.mp4,.mp4,6.6,25.0,768,432,165,0.47,3b654485dabcef76630713cc92eb87ef39bbc0363a37af0f79b7a23acf46c333,SC-MOB-002,POSITIVE,,pending,False,False,,
SC-MOB-002_p014,SC-MOB-002-support handle\Positive\istockphoto-2239933286-640_adpp_is.mp4,SC-MOB-002-support handle,istockphoto-2239933286-640_adpp_is.mp4,.mp4,5.6,25.0,768,432,140,0.5,f15681bcd719662871ab9782b7e72eeaa6b4198e2200d6ea524146ac13abdb2b,SC-MOB-002,POSITIVE,,pending,False,False,,
SC-MOB-002_p015,SC-MOB-002-support handle\Positive\istockphoto-2252620880-640_adpp_is.mp4,SC-MOB-002-support handle,istockphoto-2252620880-640_adpp_is.mp4,.mp4,16.12,25.0,768,432,403,1.62,ec8f30ca80a407b63de217f8be1cf169b535e5fe16df3d0936d0882deef509ca,SC-MOB-002,POSITIVE,,pending,False,False,,
SC-MOB-002_p016,SC-MOB-002-support handle\Positive\istockphoto-2274274093-640_adpp_is.mp4,SC-MOB-002-support handle,istockphoto-2274274093-640_adpp_is.mp4,.mp4,9.92,24.0,768,432,238,0.7,665615abef7f13530f8319b32ff17c1181e7b5ac74c69df6f40b90c7d4603b16,SC-MOB-002,POSITIVE,,pending,False,False,,
SC-MOB-002_p017,SC-MOB-002-support handle\Positive\istockphoto-483914068-640_adpp_is.mp4,SC-MOB-002-support handle,istockphoto-483914068-640_adpp_is.mp4,.mp4,29.0,30.0,768,432,870,2.1,5f17bdb72883934bfd8c6b19e827976ff068f433c1afa7a65a51ddcc7673de8c,SC-MOB-002,POSITIVE,,pending,False,False,,
